,Player,From,To,Price_m,Year
49,Ignasi MiguelJan,Lugo,Malaga,0.5,2016
73,Mitchell Langerak,Stuttgart,Levante,0.8,2016
75,Emre Mor,Bor. Dortmund,Celta Vigo,13.0,2016
79,Ousmane Dembele,Bor. Dortmund,Barcelona,105.0,2016
82,Gabriel Paulista,Arsenal,Valencia,11.0,2016
89,Paulinho,Guangzhou Evergrande,Barcelona,40.0,2016
91,Naldo,Krasnodar,Espanyol,2.0,2016
94,Ryad Boudebouz,Montpellier,Real Betis,7.0,2016
96,Ezequiel Munoz,Genoa,Leganes,2.5,2016
97,Ivi,Sevilla Atletico,Levante,1.2,2016
99,Cheick Doukoure,Metz,Levante,1.6,2016
100,Diego Gonzales,Sevilla Atletico,Malaga,2.0,2016
103,Rodrigo Ely,AC Milan,Alaves,3.0,2016
109,Emmanuel Cecchini,Banfield,Malaga,4.0,2016
112,Zouhair Feddal,Alaves,Real Betis,2.5,2016
115,Pablo Fornals,Malaga,Villarreal,12.0,2016
118,Filip Manojloic,Red Star,Getafe,1.25,2016
119,Fabian Schar,Hoffenheim,Deportivo La Coruna,4.0,2016
121,Jorge Mere,Sporting Gijon,Koln,7.0,2016
124,Paulo Oliveira,Sporting CP,Eibar,3.5,2016
125,Enis Bardhi,Ujpest FC,Levante,1.5,2016
126,Nolito,Manchester City,Sevilla,9.0,2016
130,Dani Ceballos,Real Betis,Real Madrid,17.0,2016
131,Sebastian Corchia,Lille,Sevilla,5.0,2016
132,Nelson Semedo,Benfica,Barcelona,30.0,2016
135,Adnan Januzaj,Manchester United,Real Sociedad,8.5,2016
136,Vitolo,Sevilla,Atletico Madrid,36.0,2016
140,Guido Pizarro,Tigres,Sevilla,6.0,2016
141,Luis Muriel,Sampdoria,Sevilla,20.0,2016
142,Andres Guardado,PSV,Real Betis,2.0,2016
145,Neto,Juventus,Valencia,7.0,2016
147,Jordan Amavi,Aston Villa,Sevilla,8.0,2016
150,Bruno Gonzales,Real Betis,Getafe,0.6,2016
153,Jozabed Sanchez,Fulham,Celta Vigo,3.5,2016
155,Theo Hernandez,Atletico Madrid,Real Madrid,30.0,2016
161,Maximiliano Lopez,Defensor,Celta Vigo,4.0,2016
163,Pablo Piatti,Valencia,Espanyol,1.3,2016
164,Andres Fernandez,FC Porto,Villarreal ,2.0,2016
165,Fabian Orellana,Celta Vigo,Valencia,3.0,2016
167,Yoel Rodriguez,Valencia,Eibar,0.75,2016
168,Marko Dmitrovic,Alcoron,Eibar,1.0,2016
169,Ruben Duarte,Espanyol,Alaves ,0.4,2016
170,Tito,Granada,Leganes,0.6,2016
171,Oier Olazabal,Granada,Levante,0.2,2016
174,Chuli,Almeria,Getafe,0.7,2016
175,Victor Camarasa,Levante,Real Betis,7.0,2016
178,Guilherme,Udinese,Deportivo La Coruna,4.5,2016
180,Dani Pacheco,Real Betis,Getafe,1.0,2016
181,Francisco Portillo,Real Betis,Getafe,1.5,2016
182,Cristian Tello,Barcelona,Real Betis,4.0,2016
183,Ever Banega,Inter Milan,Sevilla ,9.0,2016
185,Gerard Deulofeu,Everton,Barcelona,12.0,2016
186,Enes Unal,Manchester City,Villarreal,14.0,2016
187,Sergio Leon,Osasuna,Real Betis,3.5,2016
188,Simone Zaza,Juventus,Valencia,16.0,2016
191,Dimitrios Siovas,Olympiacos,Leganes ,3.0,2016
192,Diego Llorente,Real Madrid,Real Sociedad ,6.0,2016
193,Ruben Semedo,Sporting CP,Villarreal,14.0,2016
196,Alvaro Jimenez,Real Madrid,Getafe,1.0,2016
43,Quincy Promes,Spartak Moscow,Sevilla,18.0,2017
44,Recio,Malaga,Leganes,1.35,2017
52,Pablo de Blasis,Mainz 05,Eibar,1.8,2017
57,Mariano Diaz,Olympique Lyon,Real Madrid,19.4,2017
59,Goncalo Guedes,Paris SG,Valencia,36.0,2017
62,Alvaro Garcia,Cadiz,Rayo Vallecano,4.5,2017
83,Nikola Vukcevic,Sporting Braga,Levante UD,8.0,2017
84,Jordi Amat,Swansea,Rayo Vallecano,0.9,2017
85,Nikola Kalinic,AC Milan,Atletico Madrid,15.0,2017
87,Thibaut Courtois,Chelsea,Real Madrid,40.0,2017
88,Mathias Jensen,Nordsjaelland,Celta Vigo,4.5,2017
89,Raphael Dwamena,FC Zurich,Levante UD,5.58,2017
90,Serdar Gurler,Osmanlispor,SD Huesca,2.25,2017
91,Moses Simon,KAA Gent,Levante UD,4.5,2017
93,Ignasi Miquel,Malaga,Getafe,4.5,2017
94,Aleix Vidal,FC Barcelona,Sevilla,7.65,2017
95,Ruben Alcaraz,Girona,Real Valladolid,0.9,2017
96,Arturo Vidal,Bayern Munich,FC Barcelona,22.0,2017
97,Sidnei,Deportivo La Coruna,Real Betis,4.05,2017
99,Fran Beltran,Rayo Vallecano,Celta Vigo,7.2,2017
101,Santiago Arias,PSV Eindhoven,Atletico Madrid,9.9,2017
106,Patrick Twumasi,FC Astana,Alaves,2.7,2017
108,Jose Pozo,Almeria,Rayo Vallecano,1.35,2017
109,Ivan Alejo,Eibar,Getafe,3.6,2017
110,Joris Gnagnon,Rennes,Sevilla,15.0,2017
113,Sergi Gomez,Celta Vigo,Sevilla,4.5,2017
115,Malcom,Bordeaux,FC Barcelona,41.0,2017
120,Aitor Fernandez,CD Numancia,Levante UD,0.9,2017
123,Esteban Andrada,Lanus,Villarreal,4.5,2017
124,Nemanja Maksimovic,Valencia,Getafe,4.5,2017
125,Santiago Caseres,Velez Sarsfield,Villarreal,9.0,2017
128,Gael Kakuta,Hebei China Fortune,Rayo Vallecano,2.7,2017
130,David Soria,Sevilla,Getafe,2.7,2017
131,William Carvalho,Sporting Lisbon,Real Betis,18.0,2017
133,Clement Lenglet,Sevilla,Barcelona,36.0,2017
134,Miguel Layun,Porto,Villarreal,4.0,2017
135,Daniel Wass,Celta Vigo,Valencia,5.4,2017
137,Borja Iglesias,Celta Vigo,Espanyol,9.0,2017
138,Arthur,Gremio,FC Barcelona,27.9,2017
147,Alvaro Odriozola,Real Sociedad,Real Madrid,36.0,2017
155,Yuri Berchiche,PSG,Athletic Bilbao,20.0,2017
157,Mouctar Diakhaby,Lyon,Valencia,15.0,2017
158,Johan Mojica,Rayo Vallecano,Girona,4.5,2017
163,Andriy Lunin,Zorya Luhansk,Real Madrid,14.0,2017
164,Mauro Arambarri,Boston River,Getafe,1.94,2017
167,Okay Yokuslu,Trabzonspor,Celta Vigo,5.4,2017
170,Thomas Lemar,AS Monaco,Atletico Madrid,58.5,2017
171,Erick Cabaco,Nacional,Levante UD,1.8,2017
172,Gerard Moreno,Espanyol,Villarreal,18.0,2017
173,Karl Toko Ekambi,Angers,Villarreal,18.0,2017
177,Cristian Ganea,FC Viitorul,Athletic Bilbao,1.0,2017
178,Rodri,Villarreal,Atletico Madrid,20.0,2017
179,Geoffrey Kondogbia,Inter Milan,Valencia,25.0,2017
49,Javier Hernandez,West Ham United,Sevilla,7.0,2018
59,Nacho Monreal,Arsenal,Real Sociedad,0.25,2018
64,Yannis Salibur,Guingamp,Mallorca,2.0,2018
66,Alex Moreno,Rayo Vallecano,Real Betis,6.5,2018
68,Javi Ontiveros,Malaga,Villarreal,7.5,2018
71,Rony Lopes,Monaco,Sevilla,20.0,2018
73,Borja Iglesias,Espanyol,Real Betis,25.2,2018
76,Robert Ibañez,Getafe,Osasuna,2.0,2018
80,Kenneth Omeruo,Chelsea,Leganes,6.3,2018
83,Fernando Calero,Real Valladolid,Espanyol,7.2,2018
84,Facundo Roncaglia,Celta de Vigo,Osasuna,0.225,2018
85,Junior Firpo,Real Betis,FC Barcelona,18.0,2018
86,Faycal Fajr,Caen,Getafe,2.0,2018
91,Igor Zlatanovic,Radnik,Mallorca,1.3,2018
101,Takashi Inui,Real Betis,Eibar,2.0,2018
104,Nabil Fekir,Lyon,Real Betis,19.7,2018
108,Mario Hermoso,Espanyol,Atletico Madrid,25.0,2018
110,Yan Brice,Sevilla,Granada,0.9,2018
112,Dani Martin,Sporting Gijon,Real Betis,5.0,2018
113,Kieran Trippier,Tottenham,Atletico Madrid,22.0,2018
114,Yan Brice,Almeria,Sevilla,0.45,2018
116,Marc Cucurella,Eibar,Barcelona,4.0,2018
118,Quique,Deportivo,Eibar,3.3,2018
119,Edu Exposito,Deportivo,Eibar,4.0,2018
122,Maxi Gomez,Celta Vigo,Valencia,14.5,2018
123,Oliver Torres,Porto,Sevilla,12.0,2018
124,Domingos Duarte,Sporting CP,Granada,3.0,2018
125,Matias Vargas,Velez Sarsfield,Espanyol,10.5,2018
126,Antoine Griezmann,Atletico Madrid,Barcelona,120.0,2018
127,Louie Barry,West Brom,Barcelona,0.26,2018
128,Joseph Aidoo,Genk,Celta Vigo,8.0,2018
129,Fernando,Galatasaray,Sevilla,4.5,2018
131,Enric Gallego,Huesca,Getafe,6.0,2018
139,Ruben Peña,Eibar,Villarreal,7.2,2018
141,Raul Albiol,Napoli,Villarreal,4.5,2018
143,Jules Kounde,Bordeaux,Sevilla,22.5,2018
145,Gonzalo Melero,Huesca,Levante,3.24,2018
147,Joao Felix,Benfica,Atletico Madrid,126.0,2018
148,Lucas Ocampos,Marseille,Sevilla,13.5,2018
150,Luka Jovic,Frankfurt,Real Madrid,60.0,2018
151,Luuk de Jong,PSV,Sevilla,12.5,2018
154,Juan Munoz,Alcorcon,Leganes,0.9,2018
155,Fede Vico,Leganes,Granada,0.225,2018
156,Eden Hazard,Chelsea,Real Madrid,100.0,2018
159,Ramon Mierez,Tigre,Alaves,2.0,2018
161,Juanmi,Real Sociedad,Real Betis,7.2,2018
162,Ferland Mendy,Olympique Lyon,Real Madrid,43.2,2018
163,Sergio Leon,Real Betis,Levante,1.8,2018
164,Diego Carlos,Nantes,Sevilla,15.0,2018
165,Pedro Bigas,UD Las Palmas,Eibar,2.7,2018
166,Eder Militao,FC Porto,Real Madrid,45.0,2018
167,Manu Vallejo,Cadiz,Valencia,5.0,2018
168,Emerson,Atletico MG,FC Barcelona,10.8,2018
169,Ludovit Reis,Groningen,FC Barcelona,2.93,2018
170,Marc Cucurella,FC Barcelona,Eibar,1.8,2018
171,Lucas Perez,West Ham United,Alaves,2.07,2018
172,Portu,Girona,Real Sociedad,9.0,2018
173,Fali,Gimnàstic,Cadiz,0.25,2018
174,Felipe,FC Porto,Atletico Madrid,18.0,2018
175,Jonathan Silva,Sporting Lisbon,Leganes,2.7,2018
176,Marc Cardona,FC Barcelona,Osasuna,2.25,2018
177,Denis Suarez,FC Barcelona,Celta Vigo,11.0,2018
178,Denis Cheryshev,Villarreal,Valencia,6.0,2018
179,Denis Suarez,Barcelona,Celta Vigo,12.9,2018
181,Ruben Vezo,Valencia,Levante,4.5,2018
182,Luis Rioja,Almeria,Alaves,1.8,2018
183,Munas Dabbur,RB Salzburg,Sevilla,13.5,2018
189,Martin Valjent,Chievo Verona,Mallorca,1.35,2018
190,Alvaro Tejero,Real Madrid Castilla,Eibar,0.9,2018
192,Ruben Garcia,Levante,Osasuna,2.7,2018
193,Jasper Cillessen,FC Barcelona,Valencia,35.0,2018
194,Chimy Avila,San Lorenzo,Osasuna,2.43,2018
197,Neto,Valencia,FC Barcelona,23.4,2018
198,Marcos Llorente,Real Madrid,Atletico Madrid,36.0,2018
31,Oussama Idrissi,AZ Alkmaar,Sevilla,12.0,2019
35,Karim Rekik,Hertha,Sevilla,4.0,2019
41,Sergiño Dest,Ajax,Barcelona,21.0,2019
50,Raul Guti,Zaragoza,Elche,5.0,2019
52,Dimitris Siovas,Leganes,SD Huesca,1.0,2019
54,Pervis Estupiñán,Watford,Villarreal,16.4,2019
55,Borja García,Girona,Huesca,2.1,2019
57,Marcos Acuña,Sporting,Sevilla,10.5,2019
64,Gerónimo Rulli,Real Sociedad,Villarreal,7.5,2019
65,Bono,Girona,Sevilla,4.0,2019
68,Shon Weissman,Wolfsberger AC,Real Valladolid,4.0,2019
69,Miralem Pjanic,Juventus,Barcelona,60.0,2019
72,Alberto Soro,Real Madrid,Granada,2.5,2019
73,Ivan Rakitic,Barcelona,Sevilla,1.5,2019
76,Oscar Rodriguez,Real Madrid,Sevilla,13.5,2019
83,Ivo Grbic,NK Lokomotiva,Atletico Madrid,7.0,2019
88,Enes Unal,Villarreal,Getafe,9.0,2019
90,Francis Coquelin,Valencia,Villarreal,6.5,2019
91,Maxime Gonalons,Roma,Granada,4.0,2019
94,Gustavo Maia,Sao Paulo,Barcelona,4.5,2019
96,Matheus Pereira,Juventus,Barcelona,8.0,2019
98,Dani Gomez,Real Madrid,Levante,2.5,2019
100,Luis Milla,Tenerife,Granada,5.0,2019
103,Dimitri Foulquier,Watford,Granada,2.0,2019
105,Lucas Torr,Eintracht Frankfurt,Osasuna,2.0,2019
106,Matheus Fernandes,Palmeiras,Barcelona,7.0,2019
107,Pedri,Las Palmas,Barcelona,5.0,2019
108,Jorge de Frutos,Real Madrid,Levante,5.0,2019
109,Trincão,Braga,Barcelona,31.0,2019
110,Suso,Milan,Sevilla,21.0,2019
112,Marc Cucurella ,Barcelona,Getafe,10.0,2019
55,Jonathan Silva,Leganes,Getafe,2.5,2020
56,Eduardo Camavinga,Stade Rennais,Real Madrid,31.0,2020
57,Matthew Hoppe,Schalke,Mallorca,3.0,2020
62,Thomas Delaney,Borussia Dortmund,Sevilla,6.0,2020
63,Marcos André,Real Valladolid,Valencia,8.5,2020
66,Matheus Cunha,Hertha Berlin,Atletico Madrid,30.0,2020
70,Mamadou Sylla,Girona,Alaves,1.0,2020
73,Rafa Mir,Wolves,Sevilla,16.0,2020
77,Arnaut Danjuma,Bournemouth,Villarreal,23.5,2020
78,Luís Maximiano,Sporting CP,Granada,4.5,2020
80,German Pezzela,Fiorentina,Real Betis,3.5,2020
84,Ludwig Augustinsson,Werder Bremen,Sevilla,5.5,2020
85,Gonzalo Montiel,River Plate,Sevilla,11.0,2020
91,Johan Mojica,Girona,Elche,1.2,2020
104,Boulaye Dia,Reims,Villarreal,12.0,2020
107,Carles Aleñá,Barcelona,Getafe,5.0,2020
113,Rodrigo De Paul,Udinese,Atletico Madrid,35.0,2020
115,Manu Morlanes,Almeria,Villarreal,4.0,2020
116,Santiago Arzamendia,Cerro Porteno,Cadiz,2.5,2020
118,Dominik Greif,Slovan Bratislava,Mallorca,2.5,2020
123,Franco Cervi,Benfica,Celta Vigo,4.0,2020
125,Jonás Ramalho,Girona,Osasuna,0.7,2020
130,Enric Franquesa,Villarreal,Levante,0.75,2020
132,Miguelón,Villarreal,Espanyol,0.5,2020
133,Ante Budimir,Mallorca,Osasuna,8.0,2020
134,Emerson Royal,Real Betis,Barcelona,9.0,2020
138,Alvaro Vadillo,Celta de Vigo,Espanyol,1.8,2020
141,Tomás Alarcón,O\'Higgins,Cadiz FC,2.0,2020
145,Patson Daka,RB Salzburg,Leicester City,30.0,2020
146,Roberto Soldado,Granada,Levante,0.5,2020
148,Juan Foyth,Tottenham,Villarreal,15.0,2020
150,Iván Marcone,Boca Juniors,Elche FC,3.8,2020
4,Tanguy Nianzou,Bayern Munich,Sevilla,16.0,2021
10,Mickael Malsa,Levante,Real Valladolid,0.5,2021
12,Leo Baptistao,Santos,Almeria,1.5,2021
14,Edu Exposito,Eibar,Espanyol,4.5,2021
18,Lautaro Blanco,Rosario Central,Elche,1.96,2021
20,Roger Martí,Levante,Elche,3.0,2021
21,Miguel Gutierrez,Real Madrid,Girona,4.0,2021
24,Agustín Marchesín,Porto,Celta Vigo,1.0,2021
27,Óscar Mingueza,Barcelona,Celta Vigo,3.0,2021
28,Borja Mayoral,Real Madrid,Getafe,10.0,2021
32,Jules Koundé,Sevilla,Barcelona,50.0,2021
33,Kiko Femenía,Watford,Villarreal,0.98,2021
34,Moi Gómez,Villarreal,Osasuna,1.8,2021
35,Nahuel Molina,Udinese,Atletico Madrid,20.0,2021
40,Luis Milla,Granada,Getafe,5.0,2021
41,Vedat Muriqi,Lazio,Mallorca,7.5,2021
42,Predrag Rajkovic,Stade Reims,Mallorca,2.0,2021
44,Takefusa Kubo,Real Madrid,Real Sociedad,6.5,2021
45,Kaiky,Santos,Almeria,7.0,2021
47,Robert Lewandowski,Bayern Munich,Barcelona,45.0,2021
51,Raphinha,Leeds,Barcelona,58.0,2021
54,Tonny Vilhena,Krasnodar,Espanyol,2.5,2021
55,Domingo Duarte,Granada,Getafe,1.0,2021
57,Gonzalo Plata,Sporting,Real Valladolid,3.0,2021
58,Marcao,Galatasaray,Sevilla,12.0,2021
63,Luca de la Torre,Hercules Almelo,Celta de Vigo,2.0,2021
64,Samuel Lino,Gil Vicente,Atletico Madrid,6.5,2021
65,Marko Milovanović,Partizan,Almeria,3.5,2021
67,Víctor Chust,Real Madrid,Cadiz,1.0,2021
69,Brais Mendez,Celta de Vigo,Real Sociedad,15.0,2021
78,Mohamed Ali-Cho,Angers,Real Sociedad,12.0,2021
79,Alejandro Pozo,Sevilla,Almeria,3.0,2021
80,Pablo Maffeo,Stuttgart,Mallorca,3.0,2021
82,Williot Swedberg,Hammarby,Celta de Vigo,5.0,2021
83,Hugo Duro,Getafe,Valencia,4.0,2021
84,Luiz Henrique,Fluminense,Real Betis,12.6,2021
85,Samuel Lino,Gil Vicente,Atletico Madrid,6.5,2021
87,Aurelien Tchouameni,Monaco,Real Madrid,80.0,2021
88,Srđan Babić,Red Star Belgrade,Almeria,1.1,2021
89,Monchu,Granada,Real Valladolid,1.2,2021
90,Ivan Sanchez,Birmingham,Real Valladolid,0.1,2021
94,Willian Jose,Real Sociedad,Real Betis,8.5,2021
96,Gui Guedes,Vitoria,Almeria,3.0,2021
99,Rbeun Alcaraz,Real Valladolid,Cadiz,1.0,2021
102,Ezequiel Ponce,Spartak Moscow,Elche,4.0,2021
1,DodoJan,Inter Milan,Sampdoria,5.5,2016
49,Ivan Strinic,Napoli,Sampdoria,2.0,2016
50,Duvan Zapata,Napoli,Sampdoria,8.5,2016
54,Cyril Thereau,Udinese,Fiorentina,2.0,2016
56,Alessandro Bastoni,Atalanta,Inter Milan,8.0,2016
64,Seung-Woo Lee,Barcelona,Verona,1.5,2016
67,Roberto Inglese,Verona,Napoli,10.0,2016
70,Ferdinando Del Sole,Pescara,Juventus,1.5,2016
75,Samuel Armenteros,Heracles,Benevento,2.0,2016
81,Joachim Andersen,Twente,Sampdoria,1.4,2016
89,Luca Rossettini,Torino,Genoa,2.0,2016
90,Blaise Matuidi,PSG,Juventus,20.0,2016
94,Giovanni Simeone,Genoa,Fiorentina,15.0,2016
98,Stephane Omeonga,Avellino,Genoa,0.5,2016
99,Marten de Roon,Middlesbrough,Atalanta,13.5,2016
100,Marco Benassi,Torino,Fiorentina,10.0,2016
101,Valentin Eysseric,Nice,Fiorentina,3.5,2016
102,Dalbert,Nice,Inter Milan,20.0,2016
105,Gaston Ramirez,Middlesbrough,Sampdoria,9.0,2016
109,Felipe Caicedo,Espanyol,Lazio,3.5,2016
110,Matias Vecino,Fiorentina,Inter Milan,24.0,2016
111,Riad Bajic,Konyaspor,Udinese,5.5,2016
113,Rezan Corlu,Brondby,Roma,0.6,2016
114,Bram Nuytinck,Anderlecht,Udinese,3.0,2016
115,Filippo Romagna,Juventus,Cagliari,7.6,2016
116,Edoardo Goldaniga,Palermo,Sassuolo,4.0,2016
117,Dario Del Fabro,Cagliari,Juventus,4.5,2016
119,Jordan Veretout,Aston Villa,Fiorentina,7.0,2016
121,Federico Bernardeschi,Fiorentina,Juventus,40.0,2016
123,Francesco Cassata,Juventus,Sassuolo,7.0,2016
125,Aleksandar Kolarov,Manchester City,Roma,5.0,2016
127,Mattia De Sciglio,AC Milan,Juventus,12.0,2016
132,Wojciech Szczesny,Arsenal,Juventus,12.2,2016
136,Lucas Leiva,Liverpool,Lazio,5.7,2016
137,Alex Berenguer,Osasuna,Torino,5.5,2016
138,Rafik Zekhnini,Odds BK,Fiorentina,1.5,2016
139,Lucas Biglia,Lazio,AC Milan,17.0,2016
140,Cengiz Under,Basaksehir,Roma,13.4,2016
142,Gianluca Di Chiara,Perugia,Benevento,3.0,2016
145,Leonardo Bonucci,Juventus,AC Milan,40.0,2016
147,Andrea Costa,Empoli,Benevento,1.5,2016
150,Antonio Donnarumma,Asteras Tripoli,AC Milan,1.5,2016
152,Dawid Kownacki,Lech Poznan,Sampdoria,4.0,2016
154,Manuel Puciarelli,Empoli,Verona,3.0,2016
158,Borja Valero,Fiorentina,Inter Milan,5.5,2016
160,Andrea Conti,Atalanta,AC Milan,25.0,2016
161,Timothy Castagne,Genk,Atalanta,6.0,2016
162,Matteo Pessina,AC Milan,Atalanta,1.0,2016
164,Vid Belec,Carpi,Benevento,1.75,2016
165,Milan Skriniar,Sampdoria,Inter Milan,30.0,2016
166,Gaetano Letizia,Carpi,Benevento,1.75,2016
173,Josip Ilicic,Fiorentina,Atalanta,5.5,2016
174,Adam Ounas,Bordeaux,Napoli,10.0,2016
176,Hakan Calhanoglu,Bayer Leverkusen,AC Milan,22.0,2016
178,Nikola Milenkovic,Partizan,Fiorentina,5.1,2016
179,Juan Cuadrado,Chelsea,Juventus,20.0,2016
180,Andre Silva,FC Porto,AC Milan,38.0,2016
184,Mario Rui,Empoli,Roma,6.0,2016
185,Giancarlo Gonzales,Palermo,Bologna,2.0,2016
186,Marko Rog,Dinamo Zagreb,Napoli,13.0,2016
187,Nikola Maksimovic,Torino,Napoli,20.0,2016
189,Oscar Hiljemark,Palermo,Genoa,2.5,2016
190,Giuseppe Pezzella,Palermo,Udinese ,4.5,2016
191,Maximiliano Olivera,Penarol,Fiorentina,2.5,2016
192,Victor Hugo,Palmeiras,Fiorentina,8.0,2016
193,Vanja Milinkovic-Savic,Lechia Gdansk,Torino,4.2,2016
194,Adam Marusic,Ostende,Lazio ,6.5,2016
195,Lorenzo Pellegrini,Sassuolo,Roma ,10.0,2016
196,Raman Chibsah,Sassuolo,Benevento,0.85,2016
197,Jose Luis Palomino,Ludogorets,Atalanta,4.0,2016
198,Paolo Farago,Novara,Cagliari,2.3,2016
199,Bruno Gaspar,Vit. Guimaraes,Fiorentina ,4.0,2016
200,Alejandro Rodriguez,Cesena,Chievo ,0.5,2016
201,Mateo Musacchio,Villarreal,AC Milan,18.0,2016
203,Robin Gosens,Heracles,Atalanta,0.9,2016
204,Marco Fossati,Cagliari,Verona,0.3,2016
205,Luca Garritano,Cesena,Chievo,1.0,2016
206,Nicola Murru,Cagliari,Sampdoria,7.0,2016
208,Bruno Peres,Torino,Roma,12.5,2016
209,Juan Jesus,Inter Milan,Roma,8.0,2016
210,Gianluca Gaudino,Bayern Munich,Chievo ,0.05,2016
211,Saphir Taider,Inter Milan,Bologna,4.0,2016
212,Gianluca Carpari,Inter Milan,Sampdoria,15.0,2016
213,Sebastien De Maio,Anderlecht,Bologna,2.0,2016
214,Senna Miangue,Inter Milan,Cagliari ,3.5,2016
215,Mehdi Benatia,Bayern Munich,Juventus,17.0,2016
216,Federico Ricci,Roma,Sassuolo,4.5,2016
217,Maxime Gonalons,Olympique Lyon,Roma,5.0,2016
219,Simone Palombi,Ternana,Lazio ,0.3,2016
222,Bruno Fernandes,Udinese,Sampdoria,6.0,2016
223,Antonin Barak,Slavia Prague,Udinese,3.0,2016
224,Massimo Coda,Salernitana,Benevento,1.7,2016
225,Sebastian Cristoforo,Sevilla,Fiorentina,3.5,2016
226,Hector Moreno,PSV,Roma,5.7,2016
227,Etrit Berisha,Lazio,Atalanta,5.0,2016
228,Carlos Sanchez,Aston Villa,Fiorentina,3.0,2016
229,Gaetano Castrovilli,Bari,Fiorentina ,1.4,2016
231,Rodrigo Bentancur,Boca Juniors,Juventus,10.5,2016
232,Federico Fazio,Tottenham,Roma,3.2,2016
233,Ricardo Rodriguez,Wolfsburg,AC Milan,18.0,2016
234,Andreas Cornelius,FC Copenhagen,Atalanta,3.5,2016
235,Rick Karsdorp,Feyenoord,Roma,14.0,2016
236,Filip Helander,Verona,Bologna,2.0,2016
66,Marco Capuano,Cagliari,Frosinone,0.9,2017
77,Afriyie Acquah,Torino,Empoli,0.9,2017
79,Lukasz Teodorczyk,Anderlecht,Udinese,6.3,2017
83,Simone Missiroli,Sassuolo,SPAL,2.25,2017
88,Ragnar Klavan,Liverpool,Cagliari,1.17,2017
92,Mirko Voldifori,Torino,SPAL,0.9,2017
93,Marlon,FC Barcelona,Sassuolo,5.4,2017
95,William Troost-Ekong,Bursaspor,Udinese,2.97,2017
100,Steven N'Zonzi,Sevilla,AS Roma,23.9,2017
101,Albin Ekdal,Hamburger SV,Sampdoria,2.0,2017
103,Federico Barba,Sporting Gijon,Chievo Verona,2.7,2017
107,Joel Obi,Torino,Chievo Verona,1.8,2017
113,Kevin Malcuit,Lille,Napoli,10.8,2017
122,Filip Bradaric,Rijeka,Cagliari,4.5,2017
123,Enrico Brignola,Benevento,Sassuolo,3.15,2017
127,Leonardo Bonucci,AC Milan,Juventus,31.5,2017
128,Mattia Caldara,Juventus,AC Milan,31.5,2017
131,Joaquín Correa,Sevilla,Lazio,13.5,2017
137,Sergio Alvarez,Sporting Gijon,Eibar,3.6,2017
138,Rolando Mandragora,Juventus,Udinese,18.0,2017
140,Robin Olsen,FC Copenhagen,AS Roma,7.65,2017
141,Jeremie Boga,Chelsea,Sassuolo,3.6,2017
145,Christian Nörgaard,Brondby IF,Fiorentina,3.15,2017
147,Mehdi Bourabia,Konyaspor,Sassuolo,2.03,2017
148,Ignacio Pussetto,Huracan,Udinese,7.2,2017
155,Nicholas Opoku,Club Africain,Udinese,1.35,2017
156,Francesco Acerbi,Sassuolo,Lazio,9.0,2017
157,Juan Musso,Racing Club Avellaneda,Udinese,3.47,2017
161,Soualiho Meité,Monaco,Torino,9.0,2017
162,Bremer,Atletico Mineiro,Torino,4.5,2017
163,Cristiano Ronaldo,Real Madrid,Juventus,120.0,2017
174,Alex Meret,Udinese,Napoli,19.8,2017
175,Orestis Karnezis,Udinese,Napoli,2.25,2017
176,Mattias Svanberg,Malmo FF,Bologna,4.5,2017
177,Federico Di Francesco,Bologna,Sassuolo,9.0,2017
178,Armando Izzo,Genoa,Torino,7.2,2017
179,Diego Falcinelli,Sassuolo,Bologna,9.0,2017
183,Valon Berisha,RB Salzburg,Lazio,6.75,2017
186,Samuel Mraz,MSK Zilina,Empoli,1.35,2017
189,Alban Lafont,Toulouse,Fiorentina,7.65,2017
191,Lucas Castro,Chievo Verona,Cagliari,5.85,2017
192,Nicolas N'Koulou,Olympique Lyon,Torino,3.15,2017
193,Marco Carraro,Inter Milan,Atalanta,4.5,2017
194,Giangiacomo Magnani,Perugia,Juventus,4.5,2017
197,William Bianda,Lens,Roma,6.0,2017
199,Jens Ogdaard,Inter Milan,Sassuolo,4.5,2017
200,Nicola Citro,Trapani,Frosinone,0.27,2017
202,Joao Cancelo,Valencia,Juventus,36.3,2017
203,Radja Nainggolan,Roma,Inter Milan,24.0,2017
206,Javier Pastore,PSG,AS Roma,22.2,2017
208,Cristian Romero,Belgrano,Genoa,1.55,2017
209,Antonio Mirante,Bologna,AS Roma,3.6,2017
210,Riza Durmisi,Real Betis,Lazio,5.85,2017
211,Marco Tumminello,AS Roma,Atalanta,4.5,2017
213,Federico Santander,FC Copenhagen,Bologna,5.4,2017
216,Lukasz Skorupski,AS Roma,Bologna,8.1,2017
217,Justin Kluivert,Ajax,AS Roma,15.53,2017
219,Vid Belec,Benevento,Sampdoria,0.36,2017
220,Omar Colley,KRC Genk,Sampdoria,6.9,2017
221,Bartosz Salamon,Cagliari,SPAL,1.8,2017
222,Nenad Tomovic,Fiorentina,Chievo Verona,2.25,2017
223,Francesco Bardi,Inter Milan,Frosinone,0.9,2017
224,Andrea Beghetto,Genoa,Frosinone,1.08,2017
227,Luka Kranjc,Cagliari,Frosinone,0.9,2017
229,Andrea Favalli,Ascoli,Juventus,6.75,2017
233,Mattia Perin,Genoa,Juventus,12.0,2017
235,Pierluigi Gollini,Aston Villa,Atalanta,4.0,2017
236,Simone Verdi,Bologna,Napoli,22.5,2017
237,Krzystof Piatek,Cracovia Krakow,Genoa,3.6,2017
239,Douglas Costa,Bayern Munich,Juventus,40.0,2017
242,German Pezella,Real Betis,Fiorentina,9.0,2017
243,Ante Coric,Dinamo Zagreb,AS Roma,6.0,2017
7,Antonio SanabriaJan,Real Betis,Torino,7.0,2019
9,Viktor KovalenkoJan,Shakhtar Donetsk,Atalanta,0.7,2019
39,Valentin Mihăilă,CS U Craiova,Parma,8.0,2019
40,Nicolás Schiappacasse,Atletico Madrid B,Sassuolo,1.3,2019
44,Lucas Martínez Quarta,River Plate,Fiorentina,6.0,2019
53,Chris Smalling,Manchester United,Roma,15.0,2019
57,Bruno Amione,Belgrano,Hellas Verona,1.7,2019
59,Simon Sohm,Zurich,Parma,6.5,2019
61,Rolando Mandragora,Udinese,Juventus,10.7,2019
66,Jens Petter Hauge,Bodø/Glimt,AC Milan,5.0,2019
67,Mohamed Fares,SPAL,Lazio,8.0,2019
69,Jacopo Petriccione,Lecce,Crotone,1.5,2019
83,Aaron Hickey,Heart of Midlothian,Bologna,2.0,2019
92,Arturo Vidal,Barcelona,Inter Milan,1.0,2019
93,Sam Lammers,PSV Eindhoven,Atalanta,9.0,2019
101,Darian Males,FC Luzern,Inter Milan,4.0,2019
106,Vedat Muriqi,Fenerbahce,Lazio,17.5,2019
110,Ardian Ismajli,Hajduk Split,Spezia Calcio,2.0,2019
117,Ciprian Tătăruşanu,Lyon,AC Milan,0.5,2019
122,Jeroen Zoet,PSV Eindhoven,Spezia Calcio,1.5,2019
127,Aleksandar Kolarov,Roma,Inter Milan,1.5,2019
132,Miloš Vulić,Red Star Belgrade,Crotone,0.8,2019
133,Aleksei Miranchuk,Lokomotiv Moscow,Atalanta,14.5,2019
138,Adrien Tameze,Nice,Hellas Verona,3.5,2019
140,Gianluca Lapadula,Genoa,Benevento,4.0,2019
143,Koray Günter,Genoa,Hellas Verona,2.0,2019
145,Kevin Rüegg,FC Zurich,Hellas Verona,2.0,2019
147,Stefano Sensi,Sassuolo,Inter Milan,20.0,2019
148,Ivor Pandur,HNK Rijeka,Hellas Verona,0.9,2019
149,Luca Marone,Hellas Verona,Crotone,1.0,2019
151,Mërgim Vojvoda,Standard Liege ,Torino,5.5,2019
155,Karol Linetty,Sampdoria,Torino,7.5,2019
156,Nicolò Barella,Cagliari,Inter Milan,25.0,2019
157,Kevin Bonifazi,Torino,SPAL,11.0,2019
158,Arthur,Barcelona,Juventus,72.0,2019
159,Lucas Castro,Cagliari,SPAL,3.0,2019
160,Mario Pasalic,Chelsea,Atalanta,15.0,2019
161,Georgios Kyriakopoulos,Asteras Tripoli,Sassuolo,1.2,2019
162,Felix Correia,Manchester City,Juventus,10.5,2019
163,Alexis Saelemaekers,Anderlecht,Milan,3.5,2019
166,Victor Osimhen,Lille,Napoli,70.0,2019
167,Achraf Hakimi,Real Madrid,Inter Milan,40.0,2019
169,Emmanuel Badu,Udinese,Hellas Verona,0.8,2019
170,Grégoire Defrel,Roma,Parma,9.0,2019
171,Lukas Haraslin,Lechia Gdansk,Sassuolo,1.5,2019
172,Jasmin Kurtic,SPAL,Parma,3.5,2019
173,Alberto Grassi,Napoli,Parma,6.9,2019
174,Simon Kjaer,Sevilla,Milan,3.5,2019
175,Simone Muratore,Juventus,Atalanta,7.0,2019
176,Carles Pérez,Barcelona,Roma,11.0,2019
177,Gianluca Mancini,Atalanta,Roma,13.0,2019
178,Jordan Veretout,Fiorentina,Roma,16.0,2019
179,Luigi Sepe,Napoli,Parma,4.58,2019
180,Hernani,Zenit,Parma,4.48,2019
182,Vlad Chiriches,Napoli,Sassuolo,9.0,2019
183,Christian Kouamé,Genoa,Fiorentina,11.0,2019
184,Daam Foulon,Beveren,Benevento,0.5,2019
185,Giovanni Simeone,Fiorentina,Cagliari,12.0,2019
186,Lorenzo Tonelli,Napoli,Sampdoria,2.5,2019
187,Kamil Glik,Monaco,Benevento,3.0,2019
188,Giuseppe Pezzella,Udinese,Parma,6.45,2019
191,Filippo Romagna,Cagliari,Sassuolo,4.0,2019
192,Kaan Ayhan,Fortuna Dusseldorf,Sassuolo,2.5,2019
78,Abdoulaye Toure,FC Nantes,Genoa,3.5,2020
83,Felipe Caicedo,Lazio,Genoa,2.0,2020
96,Janis Antiste,Toulouse,Spezia Calcio,4.5,2020
99,Toma Bašić,Bordeaux,Lazio,7.0,2020
102,Thomas Henry,OH Leuven,Venezia,5.5,2020
103,Lennart Czyborra,Atalanta,Genoa,5.5,2020
104,Davide Zappacosta,Chelsea,Atalanta,9.0,2020
110,Kaio Jorge,Santos,Juventus,3.0,2020
112,Aimar Sher,Hammarby,Spezia Calcio,2.4,2020
113,Tammy Abraham,Chelsea,Roma,40.0,2020
116,Denzel Dumphries,PSV Eindhoven,Inter,12.5,2020
119,Alessandro Vogliacco,Pordenone,Genoa,2.0,2020
121,Ruan,Gremio,Sassuolo,5.0,2020
126,Ivan Ilić,Manchester City,Hellas Verona,7.5,2020
128,Liam Henderson,Lecce,FC Empoli,1.5,2020
132,Gianluca Busio,Sporting KC,Venezia,6.0,2020
135,Matías Viña,Palmeiras,Roma,13.0,2020
142,Lazar Samardžić,RB Leipzig,Udinese,3.0,2020
144,Eldor Shomurodov,Genoa,Roma,17.5,2020
146,Matteo Lovato,Hellas Verona,Atalanta,8.0,2020
160,Kelvin Amian,Toujlouse,Spezia Calcio,3.2,2020
169,Fodé Ballo-Touré,Monaco,AC Milan,4.0,2020
175,Rui Patricio,Wolves,Roma,11.5,2020
176,Zinho Vanheusden,Standard Liege,Inter Milan,16.0,2020
177,Magnus Warming,Lyngby,Torino,1.2,2020
180,Sandro Tonali,Brescia,AC Milan,6.5,2020
184,Juan Musso,Udinese,Atalanta,20.0,2020
185,Kevin Bonifazi,SPAL,Bologna,6.0,2020
186,David Schnegg,LASK,Venezia,0.25,2020
187,Fikayo Tomori,Chelsea,AC Milan,29.2,2020
188,Bryan Reynolds,FC Dallas,AS Roma,6.75,2020
189,Dimitrije Kamenovic,Cukaricki,Lazio,2.5,2020
192,Léo Sena,Atletico-MG,Spezia Calcio,2.0,2020
195,Adama Sumaoro,LOSC Lille,Bologna,2.5,2020
197,Mike Maignan,LOSC Lille,AC Milan,15.0,2020
198,Alberto Paleari,Cittadella,Genoa,2.0,2020
200,Nicolas Gonzales,Stuttgart,Fiorentina,23.0,2020
1,Juan Cabal,Atlético Nacional,Hellas Verona,4.0,2021
4,Perr Schuurs,Ajax,Torino,9.0,2021
5,Jhon Lucumí,Genk,Bologna,8.0,2021
7,Brandon Soppy,Udinese,Atalanta,9.0,2021
9,Joaquín Sosa,Nacional,Bologna,1.7,2021
12,Giulio Maggiorre,Spezia,Salernitana,4.5,2021
14,Dylan Bronn,Metz,Salernitana,1.0,2021
24,Cyriel Dessers,Genk,Cremonese,6.5,2021
26,Luka Lochoshvili,Wolfsberger,Cremonese,1.6,2021
27,Bartolomiej Dragowski,Fiorentina,Spezia,2.0,2021
28,Emirhan İlkhan,Besiktas,Torino,4.5,2021
29,Ivan Provedel,Spezia,Lazio,2.0,2021
33,Emanuel Aiwu,Rapid Vienna,Cremonese,3.5,2021
37,Ademola Lookman,RB Leipzig,Atalanta,9.0,2021
41,Charles De Ketelaere,Club Brugge,AC Milan,32.0,2021
44,Daniel Samek,Slavia Prague,Lecce,2.0,2021
46,Federico Di Francesco,SPAL,Lecce,0.5,2021
48,Enzo Ebosse,Angers,Udinese,4.0,2021
53,Kim Min-jae,Fenerbahce,Napoli,18.0,2021
54,Federico Bonazzoli,Sampdoria,Salernitana,5.0,2021
55,Giacomo Quagliata,Heracles,Cremonese,2.0,2021
59,Dodo,Shakhtar Donetsk,Fiorentina,14.5,2021
60,Charles Pickel,Famalicao,Cremonese,3.8,2021
62,Gleison Bremer,Torino,Juventus,41.0,2021
66,Leo Ostigard,Brighton,Napoli,5.0,2021
77,Domagoj Bradarić,Lille,Salernitana,5.0,2021
78,Thomas Henry,Venezia,Hellas Verona,5.0,2021
79,Thomas Henry,Venezia,Hellas Verona,5.0,2021
83,Andrea Cambiaso,Genoa,Juventus,8.5,2021
84,Alessandro Sorrentino,Pescara,Monza,1.0,2021
85,Jaka Bijol,CSKA Moscow,Udinese,4.0,2021
87,Josh Doig,Hibernian,Hellas Verona,3.6,2021
88,Luís Maximiano,Granada,Lazio,10.5,2021
89,Joel Voelkerling Persson,Roma,Lecce,0.8,2021
90,Mario Gila,Real Madrid,Lazio ,6.0,2021
91,Lewis Ferguson,Aberdeen,Bologna,3.5,2021
92,Kristian Thorstvedt,Genk,Sassuolo,10.0,2021
94,Diego Valencia,Universidad Catolica,Salernitana,2.5,2021
101,Samuele Birindelli,Pisa,Monza,1.5,2021
102,Nicolo Casale,Hellas Verona,Lazio,7.0,2021
104,Junior Messias,Crotone,Milan,4.5,2021
112,Ederson,Salernitana,Atalanta,21.0,2021
116,Zeki Celik,Lille,Roma,7.0,2021
117,Rolando Mandragora,Juventus,Fiorentina,8.2,2021
122,Alessandro Florenzi,Roma,AC Milan,2.7,2021
123,Tommaso Milanese,Roma,Cremonese,0.75,2021
124,Pedro Pereira,Benfica,Monza,2.5,2021
126,Samuele Ricci,Empoli,Torino,8.5,2021
127,Valentin Antov,CSKA Sofia,Monza,2.0,2021
128,Augustin Alvarez,Penarol,Sassuolo,12.0,2021
130,Arthur Theate,KV Ostende,Bologna,6.0,2021
131,Michele Di Gregorio,Inter,Monza,4.0,2021
132,Pasquale Mazzocchi,Venezia,Salernitana,1.0,2021
133,Mikael,Sport Recife,Salernitana,2.75,2021
134,Michel Aebischer,Young Boys,Bologna,4.0,2021
135,Abdelhamid Sabiri,Ascoli,Sampdoria,1.0,2021
137,Mathias Olivera,Getafe,Napoli,11.0,2021
138,Leonardo Mancuso,Empoli,Monza,3.0,2021
139,Gugliermo Vicario,Cagliari,Empoli,8.5,2021
140,Gianluca Caprari,Sampdoria,Hellas Verona,4.0,2021
141,Martin Hongla,Royal Antwerp,Hellas Verona,3.7,2021
142,Beto,Portimonense,Udinese,7.0,2021
143,Mahteus Henrique,Gremio,Sassuolo,8.0,2021
144,Jeremie Boga,Sassuolo,Atalanta,20.0,2021
145,Khvicha Kvaratskheila,Dinamo Batumi,Napoli,10.0,2021
146,Filippo Melegoni,Atalanta,Genoa,4.0,2021
147,Francesco Caputo,Sassuolo,Sampdoria,3.5,2021
148,Mattia Zaccagni,Hellas Verona,Lazio,7.0,2021
149,Giovanni Simeone,Cagliari,Hellas Verona,10.5,2021
150,Merih Demiral,Juventus,Atalanta,20.0,2021
152,Andre Zambo Anguissa,Fulham,Napoli,15.0,2021
153,Mamadou Coulibaly,Udinese,Salernitana,3.0,2021
154,Pietro Pellegri,Monaco,Torino,5.0,2021
159,Joaquin Correa,Lazio,Inter,23.6,2021
162,Kevin Agudelo,Genoa,Spezia,2.7,2021
163,Marcos Antônio,Shakhtar Donetsk,Lazio,7.5,2021
167,Andrea Carboni,Cagliari,Monza,4.0,2021
171,Destiny Udogie,Hellas Verona,Udinese,4.0,2021
172,Arkadiusz Reca,Atalanta,Spezia,2.0,2021
173,Emil Konradsen Ceide,Rosenborg,Sassuolo,3.0,2021
174,Mehdi Bourabia,Sassuolo,Spezia,1.5,2021
176,Abdou Harroui,Sparta Rotterdam,Sassuolo,3.0,2021
181,Pawel Jaroszynski,Genoa,Salernitana,1.0,2021
182,Ertrit Berisha,SPAL,Torino,0.3,2021
183,Lorenzo Montipo,Benevento,Hellas Verona,1.0,2021
184,Emil Bohinen,CSKA Moscow,Salernitana,3.25,2021
27,Ihlas Bebou,Dusseldorf,Hannover,5.0,2016
28,Kevin Kampl,Bayer Leverkusen,RB Leipzig,20.0,2016
30,Panagiotis Retsos,Olympiacos,Bayer Leverkusen,22.0,2016
33,Jadon Sancho,Manchester City,Bor. Dortmund,0.21,2016
34,Andreas Beck,Besiktas,Stuttgart,2.0,2016
37,Andriy Yarmolenko,Dynamo Kiev,Bor. Dortmund,25.0,2016
43,Marco Terrazzino,Hoffenheim,Freiburg,2.5,2016
44,Paul Verhaegh,Augsburg,Wolfsburg,1.5,2016
47,Rick van Drongelen,Sparta Rotterdam,Hamburg,3.0,2016
49,Jetro Willems,PSV,Eint. Frankfurt,6.0,2016
50,Ailton,Estoril,Stuttgart,1.0,2016
51,Bastian Oczipka,Eint. Frankfurt,Schalke,4.5,2016
53,Abdou Diallo,AS Monaco,Mainz,5.0,2016
55,Sven Bender,Bor. Dortmund,Bayer Leverkusen,15.0,2016
57,Ron-Robert Zieler,Leicester City,Stutgart,4.0,2016
58,Amine Harit,Nantes,Schalke,8.0,2016
60,Ignazio Camacho,Malaga,Wolfsburg,15.0,2016
62,Jean-Kevin Augustin,PSG,RB Leipzig,13.0,2016
63,Jonathan de Guzman,Napoli,Eint. Frankfurt,2.0,2016
64,Michael Gregoritsch,Hamburg,Augsburg,5.5,2016
66,Matthias Ginter,Bor. Dortmund,Bor. Mgladbach,17.0,2016
68,Havard Nordtveit,West Ham,Hoffenheim,7.0,2016
70,Konrad Laimer,RB Salzburg,RB Leipzig,7.0,2016
71,Denis Zakaria,Young Boys,Bor. Mgladbach,12.0,2016
72,Kingsley Coman,Juventus,Bayern Munich,21.0,2016
73,Yvon Mvogoi,Young Boys,RB Leipzig,5.0,2016
74,Yevhen Konoplyanka,Sevilla,Schalke,12.5,2016
75,Karim Rekik,Marseille,Hertha Berlin,2.5,2016
76,Ludwig Augustinsson,FC Copenhagen,Werder Bremen,4.5,2016
77,Dominik Kohr,Augsburg,Bayer Leverkusen,2.0,2016
78,Sebastien Haller,Utrecht,Eint. Frankfurt,7.0,2016
79,Niklas Sule,Hoffenheim,Bayern Munich ,20.0,2016
80,Gelson Fernandes,Rennes,Eint. Frankfurt,0.5,2016
81,Kenan Kodro,Osasuna,Mainz,1.75,2016
82,Pablo Insua,Deportivo La Coruna,Schalke,3.5,2016
84,William,Internacional,Wolfsburg,5.0,2016
86,Daichi Kamada,Sagan Tosu,Eint. Frankfurt,1.6,2016
88,Davie Selke,RB Leipzig,Hertha Berlin,8.0,2016
89,Mathew Leckie,FC Ingolstadt,Hertha Berlin,3.0,2016
90,Nany Landry Dimata,Ostende,Wolfsburg,10.0,2016
91,Viktor Fischer,Middlesbrough,Mainz,3.0,2016
93,Nabil Bentaleb,Tottenham,Schalke,19.0,2016
94,Corentin Tolisso,Olympique Lyon,Bayern Munich,41.5,2016
95,Justin Hoogma,Heracles,Hoffenheim,2.0,2016
97,Jerome Gondorf,Darmstadt,Werder Bremen,1.2,2016
98,Fabian Giefer,Schalke,Augsburg ,0.75,2016
99,Julian Korb,Bor. Mgladbach,Hannover,3.0,2016
100,Jhon Cordoba,Mainz,Koln ,17.0,2016
101,Florian Niederlechner,Mainz,Freiburg ,2.3,2016
104,Mahmoud Dahoud,Bor. Mgladbach,Bor. Dortmund,12.0,2016
105,Andre Hahn,Bor. Mgladbach,Hamburg,6.0,2016
106,Omer Torpak,Leverkusen,Bor. Dortmund,12.0,2016
107,Julian Pollersbeck,Kaiserslautern,Hamburg,3.5,2016
108,Danny da Costa,Leverkusen,Eint. Frankfurt,1.0,2016
109,Kyriakos Papadopoulos,Leverkusen,Hamburg,6.5,2016
110,Pascal Stenzel,Bor. Dortmund,Freiburg,4.0,2016
111,Bruma,Galatasaray,RB Leipzig,12.5,2016
112,John Anthony Brooks,Herrha Berlin,Wolfsburg,17.0,2016
114,Serge Gnabry,Werder Bremen,Bayern Munich,8.0,2016
115,Michael Esser,Darmstadt,Hannover,2.0,2016
116,Anastasios Donis,Juventus,Stuttgart,3.0,2016
117,Marvin Stefaniak,Dynamo Dresden,Wolfsburg,2.0,2016
119,Jannes Horn,Wolfsburg,Koln,7.0,2016
120,Alexandru Maxim,Stuttgart,Mainz,3.0,2016
121,Jiri Pavlenka,Slavia Prague,Werder Bremen,3.0,2016
122,Vincenzo Grifo,Freiburg,Bor. Mgladbach,6.0,2016
124,Ohis Felix uduokhai,1860 Munich,Wolfsburg,1.0,2016
125,Maximilian Philipp,Freiburg,Bor. Dortmund,20.0,2016
28,Roland Sallai,APOEL Nicosia,Freiburg,4.05,2017
29,Nuri Sahin,Bor. Dortmund,Werder Bremen,0.9,2017
35,Sebastian Rudy,Bayern Munich,Schalke 04,14.4,2017
36,Jean-Paul Boëtius,Feyenoord,Mainz,3.15,2017
41,Hamza Mendyl,Lille,Schalke 04,5.5,2017
43,Jerome Roussillon,Montpellier,Vfl Wolfsburg,4.5,2017
45,Axel Witsel,TJ Quanjian,Bor. Dortmund,18.0,2017
47,Stefanos Kapino,Nottingham Forest,Werder Bremen,0.72,2017
50,Davy Klaassen,Everton,Werder Bremen,13.5,2017
52,Kasim Nuhu,BSC Young Boys,Hoffenheim,7.2,2017
53,Alphonso Davies,Vancouver Whitecaps,Bayern Munich,13.0,2017
57,Alassane Pléa,Nice,B. Monchengladbach,20.7,2017
58,Gonçalo Paciência,FC Porto,Eintracht Frankfurt,2.7,2017
61,Nicolas Gonzalez,Argentinos Juniors,VfB Stuttgart,7.65,2017
63,Moussa Niakhaté,FC Metz,Mainz,5.4,2017
67,Lucas Torro,Osasuna,Eintracht Frankfurt,1.58,2017
68,Jean-Philippe Mateta,Olympique Lyon,Mainz,7.2,2017
69,Omar Mascarell,Frankfurt,Schalke 04,10.0,2017
70,Michael Lang,FC Basel,Monchengladbach,2.52,2017
71,Daniel Ginczek,VfB Stuttgart,Wolfsburg,9.0,2017
73,Gonzalo Castro,Bor. Dortmund,VfB Stuttgart,4.5,2017
74,Fredrik Jensen,FC Twente,Augsburg,2.7,2017
75,Wout Weghorst,AZ Alkmaar,Wolfsburg,9.45,2017
76,Walace,Hamburger SV,Hannover 96,5.4,2017
77,Abdou Diallo,Mainz 05,Bor. Dortmund,25.2,2017
79,Matheus Cunha,FC Sion,RB Leipzig,13.5,2017
82,Felix Beijmo,Djurgarden,Werder Bremen,2.7,2017
83,Marcelo Saracchi,River Plate,RB Leipzig,12.1,2017
84,Vincenzo Grifo,Monchengladbach,Hoffenheim,4.95,2017
85,Pascal Köpke,Erzgebirge Aue,Hertha BSC,1.8,2017
86,Genki Haraguchi,Hertha BSC,Hannover 96,3.6,2017
87,Jerome Gondorf,Werder Bremen,Freiburg,1.17,2017
88,Thomas Delaney,W. Bremen,Bor. Dortmund,20.0,2017
89,Steven Skrzybski,Union Berlin,Schalke,3.5,2017
91,Marius Wolf,Eint. Frankfurt,Bor. Dortmund,5.0,2017
46,Michael Cuisance,Monchengladbach,Bayern Munich,9.0,2018
48,Diadie Samassekou,RB Salzburg,Hoffenheim,12.0,2018
49,Ramy Bensebaini,Rennes,Monchengladbach,8.0,2018
53,Kevin Trapp,PSG,Eintracht Frankfurt,7.0,2018
54,Jeremiah St. Juste,Feyenoord,Mainz,9.0,2018
57,Sebastiaan Bornauw,Anderlecht,FC Koln,6.3,2018
58,Tomas Koubek,Stade Rennais,Augsburg,6.75,2018
61,Dodi Lukebakio,Watford,Hertha Berlin,18.0,2018
62,Martin Hinteregger,Augsburg,Eintracht Frankfurt,12.0,2018
66,Ellyes Shkiri,Montpellier,FC Koln,5.4,2018
67,Sebastian Rode,Bor. Dortmund,Eintracht Frankfurt,3.8,2018
68,Robert Skov,FC Copenhagen,Hoffenheim,9.0,2018
69,Ademola Lookman,Everton,RB Leipzig,18.0,2018
71,Marcus Thuram,Guingamp,Monchengladbach,8.5,2018
73,Christopher Nkunku,PSG,RB Leipzig,15.0,2018
75,Nana Ampomah,Waasland-Beveren,Fortuna Dusseldorf,4.0,2018
90,Thorgan Hazard,Monchengladbach,Bor. Dortmund,22.5,2018
92,Julian Brandt,Bayer Leverkusen,Bor. Dortmund,22.5,2018
93,Suleiman Abdullahi,Braunschweig,Union Berlin,0.45,2018
95,Nico Schulz,Hoffenheim,Bor. Dortmund,24.3,2018
99,Marvin Friedrich,Union Berlin,Augsburg,0.9,2018
100,Philipp Klement,Paderborn,Stuttgart,2.5,2018
101,Kerem Demirbay,Hoffenheim,Bayer Leverkusen,29.0,2018
102,Niclas Füllkrug,Hannover 96,Werder Bremen,5.85,2018
103,Kevin Mbabu,BSC Young Boys,Wolfsburg,8.28,2018
105,Jann-Fiete Arp,Hamburg,Bayern Munich,2.7,2018
106,Hannes Wolf,RB Salzburg,RB Leipzig,10.5,2018
107,Lucas Hernandez,Atletico Madrid,Bayern Munich,72.0,2018
110,Ilhas Bebou,Hannover 96,Hoffenheim,9.0,2018
111,Filip Kostic,Hamburg,Frankfurt,5.4,2018
112,Sargis Adamyan,Jahn Regensburg,Hoffenheim,1.35,2018
113,Joao Victor,LASK Linz,Wolfsburg,1.8,2018
114,Mateo Klimowicz,Instituto,Stuttgart,1.35,2018
116,Moussa Diaby,PSG,Bayer Leverkusen,13.5,2018
118,Xaver Schlager,RB Salzburg,Wolfsburg,13.5,2018
119,Iago,Internacional,Augsburg,5.85,2018
120,Anthony Ujah,Mainz,Union Berlin,1.8,2018
121,Woo-yeong Jeong,Bayern Munich,Freiburg,4.1,2018
125,Ozan Kabak,Stuttgart,Schalke 04,13.5,2018
127,Breel Embolo,Schalke 04,Monchengladbach,9.0,2018
128,Chang-hun Kwon,Dijon,Freiburg,2.7,2018
129,Djibril Sow,Young Boys,Frankfurt,8.1,2018
131,Stefan Lainer,RB Salzburg,Monchengladbach,10.8,2018
133,Ronaël Pierre-Gabriel,AS Monaco,Mainz,5.4,2018
134,Benjamin Pavard,Stuttgart,Bayern Munich,31.5,2018
135,Eduard Löwen,Nuremberg,Hertha Berlin,6.3,2018
141,Ruben Vargas,FC Luzern,Augsburg,2.25,2018
142,Noah Bazee,Hannover 96,Augsburg,1.6,2018
143,Daley Sinkgraven,Ajax,Bayer Leverkusen,4.5,2018
4,Georginio RutterJan,Rennes,Hoffenheim,0.5,2019
7,Demarai GrayJan,Leicester,Bayer Leverkusen,2.0,2019
31,Bouna Sarr,Marseille,Bayern Munich,8.0,2019
32,Omar Alderete,FC Basel,Hertha,6.5,2019
35,Marc Roca,Espanyol,Bayern Munich,9.0,2019
38,Ridle Baku,Mainz,Wolfsburg,10.0,2019
43,Ajdin Hrustic,Groningen,Eintracht Frankfurt,1.0,2019
45,Alexander Sørloth,Crystal Palace,RB Leipzig,22.0,2019
46,Dimitrios Limnios,PAOK,FC Koln,3.3,2019
49,Ondrej Duda,FC Koln,Hertha,7.0,2019
50,Sebastian Andersson,Union Berlin,FC Koln,6.5,2019
53,Jhon Córdoba,FC Koln,Hertha,15.0,2019
54,André Silva,Milan,Eintracht Frankfurt,9.0,2019
56,Patrik Schick,Roma,Bayer Leverkusen,26.5,2019
61,Robert Gumny,Lech Poznan,Augsburg,3.0,2019
62,Maxence Lacroix,Sochaux,Wolfsburg,5.0,2019
66,Bartosz Bialek,Zaglebie Lubin,Wolfsburg,5.0,2019
70,Baptiste Santamaria,Angers,Freiburg,10.0,2019
73,Deyovaisio Zeefuik,Groningen,Hertha,4.0,2019
75,Ermedin Demirovic,Alaves,Freiburg,3.7,2019
77,Alexander Schwolow,Freiburg,Hertha,8.0,2019
86,Jude Bellingham,Birmingham,Bor. Dortmund,27.5,2019
87,Ömer Toprak,Bor. Dortmund,Wedrer Bremen,3.5,2019
88,Leonardo Bittencourt,Hoffenheim,Werder Bremen,7.0,2019
89,Leroy Sané,Manchester City,Bayern Munich,49.0,2019
22,Micky van de Ven,Volendam,Wolfsburg,3.5,2020
25,Myziane Maolida,Nice,Hertha Berlin,4.0,2020
27,Ilaix Moriba,Barcelona,RB Leipzig,16.0,2020
31,Nick Viergever,PSV Eindhoven,Greuther Furth,0.3,2020
32,Wahid Faghir,Vejle BK,VfL Stuttgart,4.5,2020
35,Amine Adli,Toulouse,Bayer Leverkusen,7.5,2020
36,Jurgen Ekkelenkamp,Ajax,Hertha Berlin,3.0,2020
41,Ishak Belfodil,Hoffenheim,Hertha Berlin,0.5,2020
42,Luca Waldschmidt,Benfica,Wolfsburg,12.0,2020
43,Maximilian Eggestein,Werder Bremen,Freiburg,5.0,2020
44,Jeremy Dudziak,Hamburg,Greuther Fürth,0.75,2020
45,Piero Hincapié,CA Talleres,Bayer Leverkusen,6.0,2020
46,Robert Andrich,Union Berlin,Bayer Leverkusen,6.5,2020
51,Marco Richter,Augsburg,Hertha Berlin,7.0,2020
54,Luca Netz,Hertha Berlin,Borussia Monchengladbach,4.0,2020
56,Anton Stach,Greuther Fürth,Mainz,3.5,2020
59,Donyell Malen,PSV Eindhoven,Borussia Dortmund,30.0,2020
61,Odilon Kossounou,Club Brugge,Bayer Leverkusen,23.0,2020
62,Taiwo Awoniyi,Liverpool,Union Berlin,7.5,2020
64,Sebastiaan Bornauw,1. FC Koln,Wolfsburg,13.5,2020
65,Lukas Nmecha,Manchester City,Wolfsburg,8.0,2020
69,Jesper Lindstrøm,Brondby,Eintracht Frankfurt,7.0,2020
70,Mitchel Bakker,PSG,Bayer Leverkusen,7.0,2020
71,Niklas Dorsch,Gent,Augsburg,7.0,2020
75,Andre Silva,Eintracht Frankfurt,RB Leipzig,23.0,2020
79,Suat Serdar,Schalke,Hertha Berlin,8.0,2020
83,Gregor Kobel,Stuttgart,Borussia Dortmund,15.0,2020
87,Maximilian Philipp,Dynamo Moscow,Wolfsburg,7.0,2020
89,Florian Kruger,Erzgebirge Aue,Armenia Bielefeld,1.0,2020
90,Guilherme Ramos,Feirense,Armenia Bielefeld,1.0,2020
94,Masaya Okugawa,RB Salzburg,Armenia Bielefeld,1.0,2020
98,Bryan Lasme,Sochaux,Armenia Bielefeld,2.0,2020
1,Merlin Röhl,FC Ingolstadt,Freiburg,2.9,2021
6,Timo Werner,Chelsea,RB Leipzig,20.0,2021
8,Anthony Modeste,Koln,Borussia Dortmund,5.0,2021
11,Luca Pfeiffer,FC Midtjylland,Stuttgart,2.8,2021
12,Stanley Nsoki,Club Brugge,Hoffenheim,12.0,2021
13,David Raum,Hoffenheim,RB Leipzig,26.0,2021
14,Wilfried Kanga,Young Boys,Hertha Berlin,4.0,2021
15,Elvis Rexhbecaj,Wolfsburg,Augsburg,1.7,2021
16,Mathys Tel,Rennes,Bayern Munich,20.0,2021
18,Ozan Kabak,Schalke,Hoffenheim,5.0,2021
19,Matthijs de Ligt,Juventus,Bayern Munich,67.0,2021
20,Morten Thorsby,Sampdoria,Union Berlin,3.0,2021
23,Mattias Svanberg,Bologna,Wolfsburg,9.0,2021
28,Josha Vangoman,Hamburger,Stuttgart,3.7,2021
30,Juan Jose Perea,PAS Giannina,Stuttgart,2.4,2021
36,Kostas Stafylidis,Hoffenheim,Bochum,0.25,2021
37,Sargis Adamyan,Hoffenheim,1. FC Koln,1.5,2021
38,Sébastien Haller,Ajax,Borussia Dortmund,31.0,2021
39,Konstantinos Stafylidis,Hoffenheim,Bochum,0.25,2021
40,Ritsu Doan,PSV Eindhoven,Freiburg,8.5,2021
43,Ko Itakura,Manchester City,Borussia Monchengladbach,5.0,2021
45,Lucas Alario,Bayer Leverkusen,Eintracht Frankfurt,6.0,2021
46,Eric Martel,RB Leipzig,1. FC Koln,1.2,2021
47,Sadio Mané,Liverpool,Bayern Munich,32.0,2021
48,Mario Götze,PSV Eindhoven,Eintracht Frankfurt,4.0,2021
50,Philipp Förster,Stuttgart,Bochum,0.3,2021
51,Jordan Siebatcheu,Young Boys,Union Berlin,6.0,2021
53,Jens Stage,Copenhagen,Werder Bremen,4.0,2021
55,Daniel-Kofi Kyereh,St. Pauli,Freiburg,4.5,2021
56,Bartol Franjić,Dinamo Zagreb,Wolfsburg,7.5,2021
59,Kilian Fischer,Nuremberg,Wolfsburg,2.5,2021
64,Steffen Tigges,Borussia Dortmund,Koln,1.5,2021
66,Tobias Mohr,Heidenheim,Schalke,1.0,2021
68,Florent Mollet,Montpellier,Schalke,0.5,2021
71,Sebastian Polter,Bochum,Schalke,1.5,2021
72,Xaver Schlager,Wolfsburg,RB Leipzig,12.0,2021
73,Jakub Kaminski,Lech Poznan,Wolfsburg,10.0,2021
74,Patrick Wimmer,Armenia Bielefeld,Wolfsburg,5.0,2021
75,Konstantinos Mavropanos,Arsenal,Stuttgart,3.2,2021
78,Salih Ozcan,Koln,Borussia Dortmund,5.0,2021
80,Nico Schlotterbeck,Freiburg,Borussia Dortmund,20.0,2021
81,Ryan Gravenberch,Ajax,Bayern Munich,18.5,2021
83,Jamie Leweling,Greuther Furth,Union Berlin,4.0,2021
84,Maxim Leitsch,Bochum,Mainz,3.0,2021
85,Adam Hlozek,Sparta Prague,Bayer Leverkusen,13.0,2021
86,Jessic Ngankam,Greuther Furth,Hertha Berlin,1.5,2021
89,Faride Alidou,Hamburger SV,Eintracht Frankfurt,1.5,2021
90,Rodrigo Zalazar,Eintracht Frankfurt,Schalke,1.5,2021
98,Marvin Pieringer,SC Freiburg II,Schalke,0.5,2021
101,Delano Burgzorg,Heracles Almelo,Mainz,2.0,2021
102,Jens Petter Hauge,Milan,Eintracht Frankfurt,12.0,2021
104,Hrvoje Smolčić,Rijeka,Eintracht Frankfurt,2.5,2021
107,Arne Maier,Hertha Berlin,Augsburg,5.0,2021
108,Luca Kilian,Meinz,Koln,2.0,2021
110,Marcus Ingvartsen,Union Berlin,Mainz,2.3,2021
114,Karim Adeyemi,RB Salzburg,Borussia Dortmund,30.0,2021
43,Nahki Wells,Huddersfield,Burnley,5.4,2016
44,Ezequiel Schelotto,Sporting CP,Brighton,3.0,2016
46,Marvin Zeegelaar,Sporting CP,Watford,3.0,2016
48,Nikola Vlasic,Hajduk Split,Everton,8.6,2016
50,Serge Aurier,PSG,Tottenham,25.0,2016
51,Alex Oxlade-Chamberlain,Arsenal,Liverpool,38.0,2016
52,Danny Drinkwater,Leicester City,Chelsea,38.0,2016
54,Wilfried Bony,Manchester City,Swansea,13.0,2016
55,Mamadou Sakho,Liverpool,Crystal Palace,29.0,2016
56,Fernando Llorente,Swansea,Tottenham,15.0,2016
57,Davide Zappacosta,Torino,Chelsea,28.0,2016
59,Kieran Gibbs,Arsenal,West Brom,7.5,2016
61,Juan Foyth,Estudiantes,Tottenham,8.8,2016
62,Kevin Wimmer,Tottenham,Stoke City,19.5,2016
65,Oliver Burke,RB Leipzig,West Bromwich,16.3,2016
69,Wesley Hoedt,Lazio,Southampton,17.0,2016
70,Chris Wood,Leeds,Burnley,16.4,2016
71,Davinson Sanchez,Ajax,Tottenham,46.0,2016
72,Joselu,Stoke City,Newcastle,5.5,2016
73,Gylfi Sigurdsson,Swansea,Everton,50.0,2016
75,Jose Izquierdo,Club Brugge,Brighton,16.0,2016
77,Bruno Martins Indi,FC Porto,Stoke City,7.7,2016
79,Andre Gray,Burnley,Watford,20.0,2016
81,Davy Propper,PSV,Brighton,13.0,2016
82,Mario Lemina,Juventus,Southampton,17.0,2016
83,Richarlison,Fluminense,Watford,12.4,2016
86,Sead Haksabanovic,Halmstad,West Ham,3.0,2016
87,Kelechi Iheanacho,Manchester City,Leicester City,27.7,2016
88,Nemanja Matic,Chelsea,Manchester United,44.7,2016
90,Phil Bardsley,Stoke City,Burnley,0.84,2016
92,Benjamin Mendy,AS Monaco,Manchester City ,50.0,2016
93,Javier Hernandez,Bayer Leverkusen,West Ham,17.8,2016
94,Jairo Riedewald,Ajax,Crystal Palace,9.0,2016
95,Danilo,Real Madrid,Manchester City,30.0,2016
96,Marko Arnautovic,Stoke City,West Ham,27.9,2016
97,Javier Manquillo,Atletico Madrid,Newcastle United,5.0,2016
98,Alvaro Morata,Real Madrid,Chelsea,65.5,2016
100,Andrew Robertson,Hull City,Liverpool,9.0,2016
105,Tiemoue Bakayoko,AS Monaco,Chelsea,40.0,2016
106,Kyle Walker,Tottenham,Manchester City,51.0,2016
107,Markus Suttner,FC Ingolstadt,Brighton,4.5,2016
108,Nathaniel Chalobah,Chelsea,Watford,5.7,2016
111,Jack Cork,Swansea,Burnley,9.1,2016
112,Romelu Lukaku,Everton,Manchester United,84.7,2016
114,Antonio Rudiger,AS Roma,Chelsea,35.0,2016
116,Zanka,FC Copenhagen,Huddersfield,2.7,2016
117,Roque Mesa,Las Palmas,Swansea City,12.0,2016
120,Tom Ince,Derby,Huddersfield,9.1,2016
122,Steve Mounie,Montpellier,Huddersfield,13.0,2016
125,Scott Malone,Fulham,Huddersfield,3.9,2016
126,Alexandre Lacazette,Olympique Lyon,Arsenal,60.0,2016
127,Michael Kane,Burnley,Everton,28.5,2016
128,Florian Lejeune,Eibar,Newcastle United ,10.0,2016
129,Sandro Ramirez,Malaga,Everton,6.0,2016
131,Vicente Iborra,Sevilla,Leicester City,15.0,2016
133,Jay Rodriguez,Southampton,West Brom,13.7,2016
134,Nathan Ake,Chelsea,Bournemouth,22.8,2016
135,Victor Lindelof,Benfica,Manchester United,35.0,2016
136,Asmir Begovic,Chelsea,Bournemouth,11.5,2016
137,Christian Atsu,Chelsea,Newcastle United,7.5,2016
138,Davy Klassen,Ajax,Everton,27.0,2016
139,Laurent Depoitre,FC Porto,Huddersfield,4.0,2016
140,Harry Maguire,Hull City,Leicester City,13.7,2016
141,Ederson,Benfica,Manchester City,40.0,2016
142,Elias Kachunga,FC Ingolstadt,Huddersfield,1.3,2016
143,Henry Onyekuru,KAS Eupen,Everton,8.0,2016
145,Mathew Ryan,Valencia,Brighton,6.0,2016
147,Jan Bednarek,Lech Poznan,Southampton,6.0,2016
148,Tom Cleverley,Everton,Watford,9.3,2016
150,Will Hughes,Derby,Watford,9.1,2016
151,Mohamed Salah,Roma,Liverpool ,42.0,2016
154,Bernardo Silva,AS Monaco,Manchester City,50.0,2016
155,Jordan Pickford,Sunderland,Everton,28.5,2016
156,Aaron Mooy,Manchester City,Huddersfield,9.1,2016
32,André-Frank Zambo Anguissa,Marseille,Fulham,33.4,2017
33,Federico Fernandez,Swansea,Newcastle,6.6,2017
37,Yerry Mina,FC Barcelona,Everton,32.0,2017
38,Filip Benkovic,Dinamo Zagreb,Leicester,14.4,2017
48,Martin Montoya,Valencia,Brighton,6.0,2017
49,Joe Bryan,Bristol City,Fulham,6.0,2017
51,Adama Traore,Middlesbrough,Wolves,20.0,2017
53,Kepa,Athletic Bilbao,Chelsea,80.0,2017
55,Joe Hart,Manchester City,Burnley,3.9,2017
58,Jefferson Lerma,Levante UD,Bournemouth,25.2,2017
60,Ben Gibson,Middlesbrough,Burnley,15.2,2017
61,Rachid Ghezzal,AS Monaco,Leicester City,10.12,2017
63,Cheikhou Kouyaté,West Ham,Crystal Palace,10.6,2017
64,Yoshinori Muto,Mainz 05,Newcastle United,9.63,2017
66,Alfie Mawson,Swansea,Fulham,15.1,2017
67,Lucas Digne,Barcelona,Everton,22.0,2017
68,Philippe Sandler,PEC Zwolle,Manchester City,2.9,2017
69,Aleksandar Mitrovic,Newcastle,Fulham,18.1,2017
70,Fabian Schar,Deportivo La Coruna,Newcastle,3.3,2017
74,Alireza Jahanbakhsh,AZ Alkmaar,Brighton,17.1,2017
75,Joao Moutinho,AS Monaco,Wolverhampton,5.04,2017
76,Richarlison,Watford,Everton,40.5,2017
77,Diego Rico,Leganes,Bournemouth,13.5,2017
81,Danny Ward,Liverpool,Leicester City,12.6,2017
82,Alisson,AS Roma,Liverpool,75.0,2017
85,Felipe Anderson,Lazio,West Ham United,34.2,2017
86,Jorginho,Napoli,Chelsea,51.3,2017
87,Fabian Balbuena,Corinthians,West Ham United,3.6,2017
88,Jannik Vestergaard,B. Monchengladbach,Southampton,20.0,2017
90,Xherdan Shaqiri,Stoke City,Liverpool,13.23,2017
92,Jean Michael Seri,Nice,Fulham,17.0,2017
93,Maxime Le Marchand,Nice,Fulham,17.0,2017
94,Matteo Guendouzi,Lorient,Arsenal,9.0,2017
96,Lucas Torreira,Sampdoria,Arsenal,27.0,2017
97,Angus Gunn,Manchester City,Southampton,10.17,2017
98,Riyad Mahrez,Leicester City,Manchester City,68.0,2017
100,Bernardo,RB Leipzig,Brighton,9.0,2017
105,Adam Mesina,Bologna,Watford,4.5,2017
106,Sokratis,Bor. Dortmund,Arsenal,14.4,2017
107,Leo Bonatini,Al Hilal,Wolverhampton,3.6,2017
108,David Brooks,Sheffield United,Bournemouth,10.17,2017
109,Mohamed Elyounoussi,Basel,Southampton,18.0,2017
110,Bobby Reid,Bristol City,Cardiff,11.2,2017
112,Stuart Armstrong,Celtic,Southampton,7.16,2017
114,Fred,Shakhtar Donetsk,Manchester United,53.0,2017
115,Lukasz Fabianski,Swansea,West Ham,6.8,2017
117,James Maddison,Norwich City,Leicester City,22.5,2017
118,Bernd Leno,Bayer Leverkusen,Arsenal,22.5,2017
119,Issa Diop,Toulouse,West Ham United,22.5,2017
121,Marc Navarro,Espanyol,Watford,1.8,2017
125,Ramadan Sobhi,Stoke City,Huddersfield,5.85,2017
126,Gerard Deulofeu,Barcelona,Watford,13.0,2017
127,Jonny Evans,West Brom,Leicester,4.0,2017
131,Diogo Dalot,Porto,Manchester United,19.0,2017
133,Fred,Shakhtar Donetsk,Manchester United,53.1,2017
134,Benik Afobe,Bournemouth,Wolves,14.2,2017
135,Willy Boly,FC Porto,Wolves,12.0,2017
136,Diogo Jota,Atletico Madrid,Wolves,14.0,2017
137,Martin Dubravka,Sparta Praha,Newcastle United,4.0,2017
138,Fabinho,AS Monaco,Liverpool,45.0,2017
139,Florin Andone,Deportivo La Coruna,Brighton,6.0,2017
141,Ricardo Pereira,FC Porto,Leicester City,22.0,2017
142,Florent Hadergjonaj,Ingolstadt,Huddersfield,5.0,2017
143,Jonas Lossl,Mainz,Huddersfield,2.25,2017
37,David Luiz,Chelsea,Arsenal,8.7,2018
38,Alex Iwobi,Arsenal,Everton,30.0,2018
41,Ryan Sessegnon,Fulham,Tottenham,27.0,2018
42,Pedro Porro,Girona,Man City,12.0,2018
44,Dennis Praet,Sampdoria,Leicester,21.0,2018
46,Albian Ajeti,Basel,West Ham,8.7,2018
47,Emil Krafth,Amiens,Newcastle,5.4,2018
48,Ismaila Sarr,Rennes,Watford,30.0,2018
49,Kieran Tierney,Celtic,Arsenal,27.0,2018
50,Joao Cancelo,Juventus,Man City,65.0,2018
55,James McCarthy,Everton,Crystal Palace,3.2,2018
58,Ryan Sessegnon,Fulham,Tottenham,25.0,2018
59,Dennis Praet,Sampdoria,Leicester,20.0,2018
60,David Luiz,Chelsea,Arsenal,8.0,2018
67,Pedro Porro,Girona,Manchester City,11.0,2018
72,Goncalo Cardoso,Boavista,West Ham,2.7,2018
73,Neal Maupay,Brentford,Brighton,20.0,2018
75,Harry Maguire,Leicester City,Manchester United,88.0,2018
76,Moise Kean,Juventus,Everton,27.5,2018
77,Adam Webster,Bristol City,Brighton,20.0,2018
78,Bailey Peacock-Farrell,Leeds United,Burnley,3.0,2018
79,Oliver McBurnie,Swansea City,Sheffield United,20.0,2018
81,Allan Saint-Maximin,Nice,Newcastle United,16.2,2018
84,Jean-Philippe Gbamin,Mainz 05,Everton,22.5,2018
85,Arnaut Danjuma,Club Brugge,Bournemouth,15.0,2018
86,Tom Heaton,Burnley,Aston Villa,8.5,2018
87,Nicolas Pepe,Lille,Arsenal,72.0,2018
88,Marvelous Nakamba,Club Brugge,Aston Villa,12.0,2018
89,Patrick Cutrone,AC Milan,Wolves,17.0,2018
90,Philip Billing,Huddersfield,Bournemouth,15.0,2018
92,William Saliba,Saint-Etienne,Arsenal,30.0,2018
94,Douglas Luiz,Manchester City,Aston Villa,16.0,2018
95,Jordan Ayew,Swansea,Crystal Palace,3.0,2018
97,Trezeguet,Kasimpasa,Aston Villa,10.0,2018
98,Joelinton,Hoffenheim,Newcastle United,44.0,2018
99,Lys Mousset,Bournemouth,Sheffield United,11.1,2018
101,Sebastien Haller,Eintracht Frankfurt,West Ham,49.0,2018
104,Fabian Delph,Manchester City,Everton,9.5,2018
105,Ezri Konsa,Brentford,Aston Villa,13.3,2018
106,Jay Rodriguez,West Brom,Burnley,11.1,2018
107,Tyrone Mings,Bournemouth,Aston Villa,22.3,2018
108,Youri Tielemans,Monaco,Leicester,44.0,2018
109,Aidan Fitzpatrick,Partick Thistle,Norwich,0.35,2018
111,Jack Stacey,Luton,Bournemouth,4.4,2018
115,Ayoze Perez,Newcastle,Leicester,30.0,2018
117,Rodri Hernandez,Atletico Madrid,Manchester City,70.0,2018
119,Angeliño,PSV Eindhoven,Manchester City,10.8,2018
120,Mateo Kovacic,Real Madrid,Chelsea,45.0,2018
121,Danny Ings,Liverpool,Southampton,20.0,2018
122,Tanguy Ndombele,Lyon,Tottenham,55.0,2018
123,Daniel James,Swansea City,Manchester United,15.3,2018
124,Anwar El Ghazi,Lille,Aston Villa,8.1,2018
125,Wesley,Club Brugge,Aston Villa,22.5,2018
132,Pablo Fornals,Villarreal,West Ham United,28.0,2018
134,Sepp van den Berg,PEC Zwolle,Liverpool,1.8,2018
136,Matt Targett,Southampton,Aston Villa,14.0,2018
137,Che Adams,Birmingham,Southampton,15.1,2018
138,Craig Dawson,West Bromwich,Watford,5.5,2018
139,Aaron Wan-Bissaka,Crystal Palace,Manchester United,53.0,2018
140,Lloyd Kelly,Bristol City,Bournemouth,13.3,2018
143,Andre Gomes,Barcelona,Everton,24.5,2018
144,Kortney Hause,Wolverhampton,Aston Villa,2.7,2018
145,Leandro Trossard,Genk,Brighton,18.0,2018
0,Ben DaviesJan,Preston,Liverpool,0.575,2019
2,Moisés CaicedoJan,Independiente,Brighton,5.0,2019
20,Joe Rodon,Swansea,Tottenham,7.0,2019
21,Karlan Grant,Huddersfield,West Brom,8.0,2019
23,Jack Butland,Stoke City,Crystal Palace,1.1,2019
24,Terence Kongolo,Huddersfield,Fulham,4.4,2019
27,Marcelo Pitaluga,Fluminense,Liverpool,0.75,2019
28,Facundo Pellistri,Penarol,Manchester United,8.5,2019
29,Tosin Adarabioyo,Manchester City,Fulham,1.65,2019
30,Thomas Partey,Atletico Madrid,Arsenal,50.0,2019
33,Alex Telles,FC Porto,Manchester United,15.0,2019
37,Raphinha,Stade Rennais,Leeds,17.0,2019
39,Ben Godfrey,Norwich,Everton,27.5,2019
41,Ibrahima Diallo,Stade Brest,Southampton,15.0,2019
42,Rhian Brewster,Liverpool,Sheffield United,26.0,2019
44,Vladimir Coufal,Slavia Prague,West Ham,6.0,2019
45,Andi Zeqiri,Lausanne-Sport,Brighton,4.0,2019
49,Rúben Dias,Benfica,Manchester City,68.0,2019
50,Edouard Mendy,Rennes,Chelsea,25.0,2019
51,Dale Stephens,Brighton,Burnley,1.1,2019
52,Diego Llorente,Real Sociedad,Leeds United,20.0,2019
53,Nelson Semedo,Barcelona,Wolves,30.0,2019
54,Rúnar Alex Rúnarsson,Dijon,Arsenal,2.0,2019
56,Diogo Jota,Wolves,Liverpool,43.0,2019
57,Bertrand Traore,Lyon,Aston Villa,18.4,2019
58,Ki-Jana Hoever,Liverpool,Wolves,11.0,2019
60,Thiago Alcantara,Bayern Munich,Liverpool,30.0,2019
61,Emiliano Martínez,Arsenal,Aston Villa,17.44,2019
66,Jan Paul van Hecke,NAC Breda,Brighton,2.0,2019
67,Kenny Tete,Olympique Lyon,Fulham,3.2,2019
71,Ollie Watkins,Brentford,Aston Villa,27.5,2019
73,James Rodriguez,Real Madrid,Everton,25.0,2019
77,Abdoulaye Doucouré,Watford,Everton,22.1,2019
78,Jamal Lewis,Norwich,Newcastle ,16.5,2019
79,Callum Wilson,Bournemouth,Newcastle,22.25,2019
80,Fabio Silva,Porto,Wolves,40.0,2019
81,Marcal,Olympique Lyon,Wolves,2.0,2019
82,Grady Diangana,West Ham,West Brom,20.0,2019
83,David Button,Brighton,West Brom,1.1,2019
84,Allan,Napoli,Everton,25.0,2019
85,Timothy Castagne,Atalanta,Leicester,25.0,2019
86,Cédric Kipré,Wigan,West Brom,1.1,2019
87,Kai Havetz,Bayer Leverkusen,Chelsea,80.0,2019
88,Matty Cash,Nottingham Forest,Aston Villa,16.0,2019
89,Donny van de Beek,Ajax,Manchester United,39.0,2019
90,Gabriel Magalhães,Lille,Arsenal,26.0,2019
92,Matt Doherty,Wolves,Tottenham,16.8,2019
93,Harrison Reed,Southampton,Fulham,9.0,2019
94,Robin Koch,Freiburg,Leeds United,13.0,2019
95,Rodrigo,Valencia,Leeds United,30.0,2019
96,Eberechi Eze,QPR,Crystal Palace,17.8,2019
99,Ben Chilwell,Leicester,Chelsea,55.0,2019
101,Antonee Robinson,Wigan,Fulham,2.1,2019
103,Aaron Ramsdale,Bournemouth,Sheffield United,20.5,2019
107,Mohammed Salisu,Valladolid,Southampton,12.0,2019
108,Pierre-Emile Højbjerg,Southampton,Totenham,16.6,2019
109,Kyle Walker-Peters,Tottenham,Southampton,13.3,2019
110,Konstantinos Tsimikas,Olympiacos,Liverpool,13.0,2019
112,Joe Gelhardt,Wigan,Leeds United,1.0,2019
113,Nathan Aké,Bournemouth,Manchester City,45.3,2019
114,Ferran Torres,Valencia,Manchester City,23.0,2019
115,Joel Veltman,Ajax,Joel Veltman,1.0,2019
116,Issa Kabore,KV Mechelen,Manchester City,4.5,2019
118,Tomas Soucek,Slavia Prague,West Ham,16.2,2019
119,Illan Meslier,Lorient,Leeds United,6.5,2019
122,Pablo Mari,Flamengo,Arsenal,8.0,2019
123,Hakim Ziyech,Ajax,Chelsea,40.0,2019
30,Dan James,Manchester United,Leeds,25.0,2020
32,Marc Cucurella,Getafe,Brighton,18.0,2020
34,Emerson Royal,Barcelona,Tottenham,25.0,2020
35,Nikola Vlasic,CSKA,West Ham,29.1,2020
37,Abdallah Sima,Slavia Prague,Brighton,8.0,2020
39,Takehiro Tomiyasu,Bologna,Arsenal,18.6,2020
40,Odsonne Edouard,Celtic,Crystal Palace,16.3,2020
42,Maxwel Cornet,Olympique Lyon,Burnley,15.0,2020
45,Kurt Zouma,Chelsea,West Ham,35.0,2020
46,Will Hughes,Watford,Crystal Palace,7.0,2020
47,Cristiano Ronaldo,Juventus,Manchester United,25.0,2020
48,Pape Sarr,FC Metz,Tottenham,16.9,2020
49,Moussa Sissoko,Tottenham,Watford ,3.5,2020
50,Lyanco,Torino,Southampton,7.5,2020
53,Aaron Ramsdale,Sheffield United,Arsenal,28.0,2020
54, Martin Ødegaard,Real Madrid,Arsenal,35.0,2020
57,Raphael Varane,Real Madrid,Manchester United,40.0,2020
58,Joe Willock,Arsenal,Newcastle ,29.4,2020
59,Jannik Vestergaard,Southampton,Leicester City,17.6,2020
60,Christos Tzolis,PAOK Salonika,Norwich,11.0,2020
61,Romelu Lukaku,Inter,Chelsea,115.0,2020
62,Josh Sargent,Werder Bremen,Norwich,9.5,2020
66,Adam Armstrong,Blackburn,Southampton,17.7,2020
70,Jack Grealish,Aston Villa,Manchester City,117.5,2020
71,Leon Bailey,Bayer Leverkusen,Aston Villa,32.0,2020
72,Danny Ings,Southampton,Aston Villa,35.2,2020
74,Ben White,Brighton,Arsenal,58.0,2020
76,Joachim Andersen,Lyon,Crystal Palace,17.5,2020
80,Jadon Sancho,Borussia Dortmund,Manchester United,85.0,2020
81,Bryan Gil,Sevilla,Tottenham,25.0,2020
82,Demarai Gray,Bayer Leverkusen,Everton,2.0,2020
83,Kristoffer Ajer,Celtic,Brentford,15.0,2020
85,Albert Sambi Lokonga,Anderlecht,Arsenal,17.0,2020
86,Frank Onyeka,FC Midtjylland,Brentford,10.0,2020
88,Marc Guéhi,Chelsea,Crystal Palace,23.0,2020
91,José Sá,Olympiacos,Wolves,8.0,2020
93,Rayan Aït-Nouri,Angers,Wolves,11.0,2020
94,Nuno Tavares,Benfica,Arsenal,8.0,2020
95,Pierre Lees-Melou,Nice,Norwich,6.0,2020
96,Michael Olise,Reading,Crystal Palace,9.0,2020
97,Junior Firpo,Barcelona,Leeds,15.0,2020
102,Boubakary Soumare,LOSC Lille,Leicester City,20.0,2020
103,Romain Perraud,Stade Brest,Southampton,13.0,2020
104,Jack Harrison,Manchester City,Leeds,12.8,2020
105,Yerson Mosquera,Atletico Nacional,Wolves,5.2,2020
106,Emiliano Buendia,Norwich City,Aston Villa,38.3,2020
109,Milot Rashica,Werder Bremen,Norwich,11.0,2020
110,Ibrahima Konaté,RB Leipzing,Liverpool,40.0,2020
111,Angus Gunn,Southampton,Norwich,5.85,2020
112,Nathan Collins,Stoke City,Burnley,14.0,2020
113,Emmanuel Dennis,Club Brugge,Watford,4.0,2020
0,Casemiro,Real Madrid,Manchester United,70.0,2021
1,Morgan Gibbs-White,Wolves,Nottingham Forest ,29.5,2021
2,Cesare Casadei,Inter,Chelsea,15.0,2021
3,Thilo Kehrer,PSG,West Ham,12.0,2021
4,Matheus Nunes,Sporting CP,Wolves,45.0,2021
5,Sergio Gomez,Anderlecht,Manchester City,13.0,2021
6,Destiny Udogie,Udinese,Tottenham,18.0,2021
7,Pervis Estupinan,Villarreal,Brighton,17.8,2021
8,Remo Freuler,Atalanta,Nottingham Forest ,9.0,2021
10,Emmanuel Dennis,Watford,Nottingham Forest ,14.8,2021
12,Mikkel Damsgaard,Sampdoria,Brentford,15.0,2021
13,Issa Diop,West Ham,Fulham,17.8,2021
14,Amadou Onana,Lille,Everton,36.0,2021
16,Goncalo Guedes,Valencia,Wolves,32.6,2021
19,Marc Cucurella,Brighton,Chelsea,65.3,2021
22,Carney Chukwuemeka,Aston Villa,Chelsea,18.0,2021
23,Gabriel Slonina,Chicago Fire,Chelsea,9.0,2021
24,Marcus Tavernier,Middlesbrough,Bournemouth,11.9,2021
26,Orel Mangala,Stuttgart,Nottingham Forest,13.0,2021
27,Dwight McNeil,Burnley,Everton,23.0,2021
29,Kevin Mbabu,Wolfsburg,Fulham,7.0,2021
30,Chris Richards,Bayern Munich,Crystal Palace,12.0,2021
31,Gianluca Scamacca,Sassuolo,West Ham,36.0,2021
33,Oleksandr Zinchenko,Manchester City,Arsenal,35.0,2021
37,Sekou Mara,Bordeaux,Southampton,13.0,2021
38,Djed Spence,Middlesbrough,Tottenham,14.7,2021
39,Lisandro Martínez,Ajax,Manchester United,57.0,2021
40,Kalidou Koulibaly,Napoli,Chelsea,38.0,2021
43,Raheem Sterling,Manchester City,Chelsea,56.0,2021
45,Keane Lewis-Potter,Hull City,Brentford,19.0,2021
46,Nathan Collins,Burnley,Wolves,24.3,2021
48,Andreas Pereira,Manchester United,Fulham,9.5,2021
49,Neco WIlliams,Liverpool,Nottingham Forest,20.0,2021
50,Cheick Doucoure,Lens,Crystal Palace,21.3,2021
51,Omar Richards,Bayern Munich,Nottingham Forest ,8.5,2021
52,Joe Aribo,Rangers,Southampton ,7.1,2021
53,Aaron Hickey,Bologna,Brentford,16.5,2021
55,Flynn Downes,Swansea,West Ham,10.65,2021
56,Luis Sinisterra,Feyenoord,Leeds,25.0,2021
57,Romeo Lavia,Manchester City,Southampton,12.3,2021
58,Moussa Niakhate,Mainz,Nottingham Forest ,10.0,2021
59,Tyler Adams,RB Leipzig,Leeds,17.0,2021
60,Tyrell Malacia,Feyenoord,Manchester United,15.0,2021
61,Gabriel Jesus,Manchester City,Arsenal,52.26,2021
63,Darko Gyabi,Manchester City,Leeds,5.8,2021
64,Kalvin Phillips,Leeds ,Manchester City,49.0,2021
65,Giulian Biancone,Troyes,Nottingham Forest ,10.0,2021
69,Darwin Nunez,Benfica,Liverpool,75.0,2021
71,Rasmus Kristensen,Salzburg,Leeds,13.0,2021
72,Robin Olsen,Roma,Aston Villa,3.5,2021
73,Yves Bissouma,Brighton,Tottenham,29.2,2021
74,Matt Targett,Aston Villa,Newcastle,17.0,2021
77,Diego Carlos,Sevilla,Aston Villa,31.0,2021
79,Fabio Vieira,Porto,Arsenal,35.0,2021
80,Philippe Coutinho,Barcelona,Aston Villa,20.0,2021
81,Hee-chan Hwang,RB Leipzig,Wolves,16.7,2021
82,Matt Turner,New England Revolution,Arsenal,6.36,2021
84,Brenden Aaronson,Salzburg,Leeds,32.84,2021
87,Alphonse Areola,PSG,West Ham,12.0,2021
88,Simon Adingra,Nordsjaelland,Brighton,8.0,2021
90,Sven Botman,Lille,Newcastle,37.0,2021
92,Richarlison,Everton,Tottenham,69.0,2021
93,Taiwo Awoniyi,Union Berlin,Nottingham Forest,20.0,2021
94,Erling Haaland,Borussia Dortmund,Manchester City,75.0,2021
95,Julio Enciso,Libertad,Brighton,11.6,2021
96,Marc Roca,Bayern Munich,Leeds,12.0,2021
97,Calvin Ramsay,Aberdeen,Liverpool,4.9,2021
98,Gavin Bazunu,Manchester City,Southampton,14.0,2021
99,Nick Pope,Burnley,Newcastle,11.5,2021
100,Armel Bella-Kotchap,Bochum,Southampton,10.0,2021
101,Nayef Aguerd,Stade Rennais,West Ham,35.0,2021
37,William Vainqueur,Roma,Antalyaspor,0.5,2016
38,Pedro Rocha,Gremio,Spartak Moscow,12.0,2016
52,Pape Cheikh,Celta Vigo,Olympique Lyon,10.0,2016
53,Stevan Jovetic,Inter Milan,AS Monaco,11.0,2016
55,Keita Balde,Lazio,AS Monaco,30.0,2016
57,Siem de Jong,Newcastle,Ajax,4.3,2016
60,Maximilian Wöber,Rapid Wien,Ajax,7.5,2016
61,Samir Nasri,Manchester City,Antalyaspor,3.5,2016
64,Sofiane Feghouli,West Ham,Galatasaray,4.25,2016
65,Roberto Soldado,Villarreal,Fenerbahce,5.0,2016
66,Gary Medel,Inter Milan,Besiktas,3.0,2016
68,Gabriel Silva,Udinese,Saint-Etienne,2.5,2016
69,Matias Kranevitter,Atletico Madrid,Zenit,8.0,2016
70,Jonathan Cafu,Ludogorets,Bordeaux,7.5,2016
72,Allan Saint-Maximin,AS Monaco,OGC Nice,10.0,2016
74,Jeremain Lens,Sunderland,Besiktas,5.0,2016
75,Fernando,Manchester City,Galatasaray,5.25,2016
76,Neymar,Barcelona,PSG,222.0,2016
77,Burak Yilmaz,BJ Sinobo Guoan,Trabzonspor,4.0,2016
79,Alvaro Negredo,Valencia,Besiktas,2.4,2016
82,Emanuel Mammana,Olympique Marseille,Zenit,16.0,2016
83,Ciprian Tatarusanu,Fiorentina,Nantes,2.5,2016
84,Ismaila Sarr,Metz,Rennes,17.0,2016
85,Hrvoje Milic,Fiorentina,Olympiacos,1.5,2016
90,Adil Rami,Sevilla,Marseille,6.0,2016
93,Juraj Kucka,AC Milan,Trabzonspor,6.0,2016
95,Yuri Berchiche,Real Sociedad ,PSG,16.0,2016
96,Clinton N'Jie,Tottenham,Marseille,7.0,2016
99,Terence Kongolo,Feyenoord,AS Monaco,13.0,2016
101,Luiz Gustavo,Volfsburg,Marseille,10.0,2016
103,Thiago Mendes,Sao Paulo,Lille,9.0,2016
104,Bertrand Traore,Chelsea,Olympique Lyon,10.0,2016
105,Leandro Paredes,Roma,Zenit,23.0,2016
106,Younes Belhanda,Dynamo Kyiv,Galatasaray,8.0,2016
107,Ferland Mendy,Le Havre,Olympique Lyon,5.0,2016
108,Hirving Lozano,Pachuca,PSV ,8.0,2016
109,Yousouff Sabaly,PSG,Bordeaux,4.0,2016
110,Maicon,Sao Paulo,Galatasaray,7.0,2016
111,Mariano Diaz,Real Madrid,Olympique Lyon,8.0,2016
58,Eros Grezda,NK Osijek,Rangers,1.8,2017
64,Moussa Dembele,Celtic,Olympique Lyon,19.8,2017
67,Juan Bernat,Bayern Munich,Paris SG,12.6,2017
68,Nemanja Radonjic,Red Star Belgrade,Marseille,10.8,2017
69,Nacer Chadli,West Brom,AS Monaco,10.8,2017
71,Erick Gutierrez,Pachuca,PSV Eindhoven,7.2,2017
73,Benjamin Henrichs,Bayer Leverkusen,Monaco,20.0,2017
74,Gabriel,Leganes,Benfica,9.0,2017
76,Kevin Strootman,AS Roma,Marseille,22.5,2017
79,Abdoulay Diaby,Club Brugge,Sporting CP,4.5,2017
81,Jason Denayer,Manchester City,Lyon,10.0,2017
85,Remy Cabella,Olympique Marseille,St. Etienne,4.5,2017
87,Thilo Kehrer,Schalke 04,Paris SG,33.0,2017
102,Lucas Evangelista,Udinese,Nantes,3.6,2017
106,Eder Militao,Sao Paulo,FC Porto,3.6,2017
108,Jean-Eudes Aholou,Strasbourg,AS Monaco,12.6,2017
109,Tom Ince,Huddersfield,Stoke,11.2,2017
111,Chancel Mbemba,Newcastle,FC Porto,7.2,2017
112,Duje Caleta-Car,RB Salzburg,Marseille,17.1,2017
116,Wahbi Khazri,Sunderland,St. Etienne,6.3,2017
117,Daley Blind,Manchester United,Ajax,20.0,2017
119,Ferdi Kadioglu,NEC Nijmegen,Fenerbahce,1.26,2017
123,Antonio Barreca,Torino,Monaco,10.8,2017
126,Jonathan Panzo,Chelsea,Monaco,2.8,2017
128,Pele,Rio Ave,Monaco,9.0,2017
130,Yuto Nagatomo,Inter Milan,Galatasaray,2.25,2017
132,Dusan Tadic,Southampton,Ajax,11.3,2017
133,Emiliano Viviano,Sampdoria,Sporting CP,1.8,2017
135,Willem Geubbels,Olympique Lyon,AS Monaco,18.0,2017
137,Saidy Janko,St. Etienne,FC Porto,2.7,2017
138,Angelino,Manchester City,PSV Eindhoven,5.7,2017
140,Danilo,Braga,Nice,8.0,2017
142,Samuel Grandsir,Troyes,AS Monaco,2.7,2017
72,Raphinha,Sporting CP,Rennes,20.0,2018
74,Hichem Boudaoui,Paradou AC,Nice,4.0,2018
76,Keylor Navas,Real Madrid,PSG,12.5,2018
77,Marcos Senesi,San Lorenzo,Feyenoord,7.0,2018
83,Alex Kral,Slavia Prague,Spartak Moscow,12.0,2018
85,Oscar Hiljemark,Genoa,Dinamo Moscow,0.5,2018
91,Stanley Nsoki,Paris SG,Nice,12.0,2018
97,Antonin Bobichon,Nimes,Angers,1.5,2018
98,Kasper Dolberg,Ajax,Nice,21.5,2018
100,Alexis Claude-Maurice,Lorient,Nice,11.7,2018
104,Dario Maresic,Sturm Graz,Stade Reims,3.0,2018
105,Zakaria Aboukhlal,PSV U21,AZ Alkmaar,2.0,2018
106,Daniel Mancini,Bordeaux,AEK Athens,0.5,2018
111,Ritsu Doan,Groningen,PSV Eindhoven,7.0,2018
118,Paul Onuachu,Midtjylland,Genk,6.0,2018
119,Renato Sanches,Bayern Munich,Lille,20.0,2018
121,Michael Santos,Malaga,Copenhagen,2.2,2018
124,Yannis Salibur,Guingamp,Mallorca,2.0,2018
125,Georges-Kevin N'Koudou,Tottenham,Besiktas,4.0,2018
128,Luka Ivanušec,NK Lokomotiva,Dinamo Zagreb,3.0,2018
138,Wissam Ben Yedder,Sevilla,Monaco,40.0,2018
141,Federico Ricca,Malaga,Club Brugge,3.0,2018
142,Maximilian Wöber,Sevilla,RB Salzburg,12.0,2018
143,Jeff Reine-Adelaide,Angers,Lyon,22.5,2018
145,Luka Djordjevic,Zenit St. Petersburg,Lokomotiv Moscow,2.5,2018
146,Irvin Cardona,Monaco,Brest,1.5,2018
149,Henry Onyekuru,Everton,AS Monaco,12.2,2018
153,Maximilian Philipp,Bor. Dortmund,Dinamo Moscow,20.0,2018
154,George Puscas,Inter Milan,Reading,8.0,2018
155,Charlie Austin,Southampton,West Brom,4.3,2018
156,Brice Samba,Caen,Nottingham Forest,2.1,2018
161,Edouard Mendy,Reims,Rennes,4.0,2018
162,Victor Ruiz,Villarreal,Besiktas,3.0,2018
163,Ruben Aguilar,Montpellier,Monaco,7.5,2018
164,Guus Til,AZ Alkmaar,Spartak Moscow,18.0,2018
165,Arnaud Souquet,Gent,Montpellier,2.8,2018
166,Miguel Trauco,Flamengo,Saint Etienne,1.0,2018
167,Laurent Koscielny,Arsenal,Bordeaux,4.5,2018
168,Simon Mignolet,Liverpool,Club Brugge,7.0,2018
169,Mateus Uribe,Club America,FC Porto,9.0,2018
170,Dario Benedetto,Boca Juniors,Marseille,15.0,2018
171,Malcom,FC Barcelona,Zenit,40.0,2018
172,Victor Osimhen,Charleroi,Lille,12.0,2018
176,Idrissa Gueye,Everton,Paris SG,30.0,2018
179,Ryad Boudebouz,Real Betis,Saint Etienne,3.15,2018
182,Remy Cabella,Saint-Etienne,Krasnodar,12.0,2018
183,Timo Baumgartl,Stuttgart,PSV Eindhoven,9.0,2018
184,Hatem Abd Elhamed,H. Beer Sheva,Celtic,1.8,2018
185,Sada Thioub,Nimes,Angers,3.5,2018
187,Carlos Vinicius,Napoli,Benfica,17.0,2018
188,Agustin Rogel,KS Samara,Toulouse,2.5,2018
189,Edson Alvarez,America,Ajax,15.0,2018
190,Domagoj Bradaric,Hajduk Split,Lille,6.5,2018
191,Bruno Manga,Cardiff,Dijon,3.3,2018
192,Rasmus Kristensen,Ajax,RB Salzburg,5.0,2018
195,Benjamin Andre,Rennes,Lille,7.0,2018
196,Olivier Boscagli,Nice,PSV Eindhoven,2.0,2018
198,Tyler Boyd,Guimaraes,Besiktas,2.4,2018
200,Benjamin Lecomte,Montpellier,Monaco,13.5,2018
202,Abdou Diallo,Borussia Dortmund,PSG,31.0,2018
204,Hwang Ui-jo,Gamba Osaka,Bordeaux,2.0,2018
205,Joachim Andersen,Sampdoria,Lyon,26.0,2018
206,Ianis Hagi,FC Viitorul,Genk,8.0,2018
207,Julien Masson,Valenciennes,Angers,1.5,2018
209,Luis Diaz,Junior FC,Porto,8.5,2018
210,Felipe Avenatti,Bologna,Standard Liege,3.5,2018
212,Flavien Tait,Angers,Stade Rennais,9.0,2018
213,David Okereke,Spezia Calcio,Club Brugge,8.0,2018
217,Shoya Nakajima,Al Duhail,Porto,12.0,2018
218,Sergi Palencia,Barcelona,Saint-Etienne,2.0,2018
219,Denis Bouanga,Nimes,Saint Etienne,4.05,2018
223,Boli Bolingoli-Mbombo,Rapid Vienna,Celtic,3.3,2018
226,Thiago Mendes,Lille,Lyon,20.0,2018
227,Youssouf Kone,Lille,Lyon,8.1,2018
228,Raul de Tomás,Rayo Vallecano,Benfica,18.0,2018
229,Tomas Kalas,Chelsea,Bristol City,9.0,2018
230,Gelson Martins,Atletico Madrid,Monaco,30.0,2018
231,Pablo Sarabia,Sevilla,PSG,16.2,2018
233,Luis Diaz,Junior,FC Porto,8.0,2018
234,Ze Luis,Spartak Moscow,FC Porto,7.65,2018
236,Andrei Burca,Botosani,CFR Cluj,0.2,2018
238,Bjorn Engels,Olympiacos,Reims,4.0,2018
240,Renzo Saravia,Racing Club,FC Porto,495.0,2018
241,Jhonder Cádiz,Vitoria Setubal,Benfica,3.0,2018
244,Ruslan Kambolov,Rubin Kazan,Krasnodar,0.4,2018
251,Ante Majstorovic,Dinamo Zagreb,NK Osijek,0.4,2018
252,Theo Bongonda,Zulte Waregem,Genk,7.0,2018
253,Andy Delort,Toulouse,Montpellier,5.0,2018
254,Peniel Mlapa,Dynamo Dresden,VVV-Venlo,0.8,2018
255,Andre Horta,Los Angeles FC,Braga,2.5,2018
262,Lisandro Martinez,Defensa y Justicia,Ajax,6.3,2018
265,Grzegorz Krychowiak,Paris SG,Lokomotiv Moscow,11.25,2018
266,Luciano Vietto,Atletico Madrid,Sporting CP,6.75,2018
267,Kik Pierie,Heerenveen,Ajax,4.5,2018
272,Serhou Guirassy,FC Koln,Amiens,5.4,2018
277,Christopher Martins Pereira,Lyon,Young Boys,2.0,2018
284,Christopher Jullien,Toulouse,Celtic,7.2,2018
285,Ruben Semedo,Villarreal,Olympiacos,4.5,2018
286,Rafael Camacho,Liverpool,Sporting CP,5.5,2018
287,Bruma,RB Leipzig,PSV Eindhoven,13.5,2018
289,Razvan Marin,Standard Liege,Ajax,11.0,2018
291,Nicolas Gavory,Utrecht,Standard Liege,3.1,2018
292,Quincy Promes,Sevilla,Ajax,14.2,2018
295,Jean Lucas,Flamengo,Lyon,7.2,2018
298,Christian Luyindama,Standard Liege,Galatasaray,5.0,2018
299,Abou Ba,Nancy,Nantes,0.9,2018
301,Chiquinho,Moreirense,Benfica,3.38,2018
302,Stephen Odey,Zurich,Genk,3.5,2018
304,Zinho Vanheusden,Inter MIlan,Standard Liege,11.4,2018
306,Timothy Weah,PSG,Lille,9.0,2018
307,Thierry Ambrose,Manchester City,Metz,2.25,2018
309,Elisha Owusu,Lyon,Gent,1.0,2018
312,Murilo Cerqueira,Cruzeiro,Lokomotiv Moscow,2.5,2018
317,Anastasios Bakasetas,AEK Athens,Alanyaspor,0.8,2018
318,Michal Travnik,Jablonec,Sparta Prague,1.8,2018
320,Vincent Sierro,Freiburg,Young Boys,1.5,2018
325,David Simao,Royal Antwerp,AEK Athens,0.4,2018
328,Nikola Vlasic,Everton,CSKA Moscow,15.7,2018
330,Jordan Ferri,Lyon,Montpellier,2.0,2018
331,Dennis Appiah,Anderlecht,Nantes,0.675,2018
26,Pol Lirola,Fiorentina,Marseille,6.5,2020
27,Josip Juranović,Legia Warsaw,Celtic,3.0,2020
29,Xherdan Shaqiri,Liverpool,Olympic Lyon,6.0,2020
32,Wendell,Bayer Leverkusen,Porto,4.0,2020
35,Baptiste Santamaria,Freiburg,Rennes,14.0,2020
37,Claudinho,RB Bragantino,Zenit St Petersburg,15.0,2020
38,Rachid Ghezzal,Leicester City,Besiktas,3.0,2020
39,Victor Nelsson,Copenhagen,Galatasaray,7.0,2020
43,Amadou Onana,Hamburg,Lille,7.0,2020
47,Myron Boadu,AZ Alkmaar,Monaco,17.0,2020
48,Henry Onyekuru,Monaco,Olympiacos,4.5,2020
49,Jean Lucas,Lyon,Monaco,11.0,2020
51,Marko Grujić,Liverpool,Porto,12.0,2020
53,Steven Berghuis,Feyenoord,Ajax,5.5,2020
55,Luan Peres,Santos,Marseille,4.5,2020
57,Calvin Stengs,AZ Alkmaar,Nice,15.0,2020
62,Ismail Jakobs,1. FC Koln,Monaco,6.5,2020
68,Achraf Hakimi,Inter Milan,PSG,60.0,2020
70,Loïc Badé,Lens,Rennes,20.0,2020
73,Jay Gorter,Go Ahead Eagles,Ajax,1.0,2020
76,Konrad de la Fuente,Barcelona,Marseille,3.0,2020
77,Danilo Pereira,FC Porto,PSG,16.0,2020
0,Dávid Hancko,Sparta Prague,Feyenoord,6.0,2021
2,Ahmetcan Kaplan,Trabzonspor,Ajax,9.5,2021
3,Igor Paixão,Coritiba,Feyenoord,5.0,2021
5,Alan Virginius,Sochaux,Lille,4.0,2021
7,Mohamed Camara,RB Salzburg,Monaco,15.0,2021
8,Jorge Sanchez,America,Ajax,5.0,2021
11,Mathew Ryan,Real Sociedad,FC Copenhagen,5.0,2021
14,Lucas Torreira,Arsenal,Galatasaray,6.0,2021
15,Renato Sanches,Lille,PSG,15.0,2021
16,Mattia Viti,Empoli,Nice,13.0,2021
17,Kasper Schmeichel,Leicester City,OGC Nice,1.0,2021
21,Alexis Beka Beka,Lokomotiv Moscow,Nice,12.0,2021
22,Arthur Theate,Bologna,Rennes,19.0,2021
23,Nordi Mukiele,RB Leipzig,PSG,12.0,2021
24,Rıdvan Yılmaz,Besiktas,Rangers,4.0,2021
25,Calvin Bassey,Rangers,Ajax,23.0,2021
29,Luis Suarez,Granada,Marseille,10.0,2021
30,Ben Davies,Liverpool,Rangers,4.7,2021
32,Rareș Ilie,FC Rapid,Nice,5.0,2021
36,Breel Embolo,Monchengladbach,Monaco,12.5,2021
38,Enzo Fernández,River Plate,Benfica,10.0,2021
42,Mohamed Bayo,Clermont,Lille,14.0,2021
45,Owen Wijndal,AZ Alkmaar,Ajax,10.0,2021
46,Rabbi Matondo,Schalke,Rangers,3.0,2021
48,Sergio Oliveira,Porto,Galatasaray,3.0,2021
49,Steven Bergwijn,Tottenham,Ajax,31.25,2021
50,David Carmo,Braga,Porto,20.0,2021
54,Pedro Porro,Manchester City,Sporting,8.5,2021
55,Pau Lopez,Roma,Marseille,12.0,2021
56,Diego Rossi,Los Angeles FC,Fenerbahce,5.5,2021
57,Gedson Fernandes,Benfica,Besiktas,6.0,2021
59,Ruben Vinagre,Wolves,Sporting,10.0,2021
60,Matteo Guendouzi,Arsenal,Marseille,11.0,2021
61,Marko Grujić,Liverpool,Porto,9.0,2021
62,Arkadiusz Milik,Napoli,Marseille ,9.0,2021
65,David Neres,Shakhtar Donetsk,Benfica,15.0,2021
67,Nuno Mendes,Sporting,PSG,38.0,2021
69,Vitinha,Porto,PSG,41.5,2021
71,Alexandro Bernabei,Lanus,Celtic,4.0,2021
72,Alexandro Bernabei,Lanus,Celtic,4.35,2021
74,Souleymane Isaak Touré,Le Havre,Marseille,5.5,2021
76,Takumi Minamino,Liverpool,Monaco,15.0,2021
82,Enzo Fernández,River Plate,Benfica,10.0,2021
83,Cengiz Under,Roma,Marseille,8.4,2021
