,Unnamed: 0,Rk,Player,Nation,Pos,Squad,Comp,Age,Born,MP,Starts,Min,90s,Gls,Ast,G-PK,PK,PKatt,CrdY,CrdR,Gls.1,Ast.1,G+A,G-PK.1,G+A-PK,xG,npxG,xA,npxG+xA,xG.1,xA.1,xG+xA,npxG.1,npxG+xA.1,Year,From,To,Price,Price (m)
0,10,11,Francesco Acerbi,ITA,DF,Sassuolo,Serie A,29,1988,38,38,"3,420",38.0,0,0,0,0,0,4,0,0.0,0.0,0.0,0.0,0.0,1.5,1.5,0.8,2.4,0.04,0.02,0.06,0.04,0.06,2017,Sassuolo,Lazio,9,9.0
1,11,12,Afriyie Acquah,GHA,MF,Torino,Serie A,25,1992,22,9,951,10.6,1,0,1,0,0,4,2,0.09,0.0,0.09,0.09,0.09,0.6,0.6,0.1,0.7,0.06,0.01,0.07,0.06,0.07,2017,Torino,Empoli,"900,000",0.9
2,23,24,Benik Afobe,COD,FW,Bournemouth,Premier League,24,1993,17,5,611,6.8,0,0,0,0,0,0,0,0.0,0.0,0.0,0.0,0.0,1.2,1.2,0.1,1.3,0.21,0.01,0.22,0.21,0.22,2017,Bournemouth,Wolves,14.2,14.2
3,29,30,Jean-Eudes Aholou,CIV,MF,Strasbourg,Ligue 1,23,1994,35,35,"3,006",33.4,5,0,5,0,0,4,0,0.15,0.0,0.15,0.15,0.15,3.0,3.0,0.6,3.6,0.09,0.02,0.11,0.09,0.11,2017,Strasbourg,AS Monaco,12.6,12.6
4,58,59,Alisson,BRA,GK,Roma,Serie A,24,1992,37,37,"3,330",37.0,0,0,0,0,0,1,0,0.0,0.0,0.0,0.0,0.0,0.0,0.0,0.0,0.0,0.0,0.0,0.0,0.0,0.0,2017,AS Roma,Liverpool,75,75.0
5,74,75,Jordi Amat,ESP,DF,Betis,La Liga,25,1992,25,24,"2,045",22.7,0,0,0,0,0,7,2,0.0,0.0,0.0,0.0,0.0,0.5,0.5,0.1,0.5,0.02,0.0,0.02,0.02,0.02,2017,Swansea,Rayo Vallecano,"900,000",0.9
6,85,86,Felipe Anderson,BRA,MF,Lazio,Serie A,24,1993,21,9,"1,162",12.9,4,6,4,0,0,0,0,0.31,0.46,0.77,0.31,0.77,2.1,2.1,4.0,6.1,0.16,0.31,0.47,0.16,0.47,2017,Lazio,West Ham United,34.2,34.2
7,86,87,Florin Andone,ROU,FW,La Coruña,La Liga,24,1993,29,16,"1,636",18.2,7,3,7,0,1,6,0,0.39,0.17,0.55,0.39,0.55,10.9,10.1,1.0,11.1,0.6,0.06,0.65,0.56,0.61,2017,Deportivo La Coruna,Brighton,6,6.0
8,107,108,Mauro Arambarri,URU,MF,Getafe,La Liga,21,1995,27,26,"2,124",23.6,1,1,1,0,0,9,1,0.04,0.04,0.08,0.04,0.08,1.3,1.3,0.9,2.2,0.06,0.04,0.09,0.06,0.09,2017,Boston River,Getafe,1.94,1.94
9,200,201,Antonio Barreca,ITA,DF,Torino,Serie A,22,1995,9,3,468,5.2,0,0,0,0,0,0,1,0.0,0.0,0.0,0.0,0.0,0.0,0.0,0.4,0.4,0.0,0.07,0.07,0.0,0.07,2017,Torino,Monaco,10.8,10.8
10,241,242,Vid Belec,SVN,GK,Sampdoria,Serie A,27,1990,2,2,180,2.0,0,0,0,0,0,0,0,0.0,0.0,0.0,0.0,0.0,0.0,0.0,0.0,0.0,0.0,0.0,0.0,0.0,0.0,2017,Benevento,Sampdoria,"360,000",0.36
11,242,243,Vid Belec,SVN,GK,Benevento,Serie A,27,1990,13,13,"1,113",12.4,0,0,0,0,0,1,1,0.0,0.0,0.0,0.0,0.0,0.0,0.0,0.0,0.0,0.0,0.0,0.0,0.0,0.0,2017,Benevento,Sampdoria,"360,000",0.36
12,271,272,Yuri Berchiche,ESP,DF,Paris S-G,Ligue 1,27,1990,22,19,"1,716",19.1,2,4,2,0,0,4,0,0.1,0.21,0.31,0.1,0.31,0.6,0.6,2.2,2.8,0.03,0.12,0.15,0.03,0.15,2017,PSG,Athletic Bilbao,20,20.0
13,281,282,Bernardo,BRA,DF,RB Leipzig,Bundesliga,22,1995,18,15,"1,350",15.0,1,1,1,0,0,2,0,0.07,0.07,0.13,0.07,0.13,0.6,0.6,0.8,1.4,0.04,0.06,0.09,0.04,0.09,2017,RB Leipzig,Brighton,9,9.0
14,282,283,Juan Bernat,ESP,DF,Bayern Munich,Bundesliga,24,1993,11,11,888,9.9,0,2,0,0,0,1,0,0.0,0.2,0.2,0.0,0.2,0.7,0.7,1.3,2.1,0.08,0.13,0.21,0.08,0.21,2017,Bayern Munich,Paris SG,12.6,12.6
15,307,308,Pablo de Blasis,ARG,FW,Mainz 05,Bundesliga,29,1988,25,20,"1,652",18.4,5,2,2,3,3,2,0,0.27,0.11,0.38,0.11,0.22,4.5,2.2,1.6,3.9,0.25,0.09,0.33,0.12,0.21,2017,Mainz 05,Eibar,1.8,1.8
16,311,312,Daley Blind,NED,DF,Manchester Utd,Premier League,27,1990,7,4,362,4.0,0,0,0,0,0,0,0,0.0,0.0,0.0,0.0,0.0,0.1,0.1,0.4,0.5,0.03,0.1,0.14,0.03,0.14,2017,Manchester United,Ajax,20,20.0
17,319,320,Jeremie Boga,CIV,FW,Chelsea,Premier League,20,1997,1,1,17,0.2,0,0,0,0,0,0,0,0.0,0.0,0.0,0.0,0.0,0.0,0.0,0.0,0.0,0.0,0.0,0.0,0.0,0.0,2017,Chelsea,Sassuolo,3.6,3.6
18,330,331,Leonardo Bonucci,ITA,DF,Milan,Serie A,30,1987,35,35,"3,085",34.3,2,1,2,0,0,5,1,0.06,0.03,0.09,0.06,0.09,2.7,2.7,0.4,3.0,0.08,0.01,0.09,0.08,0.09,2017,AC Milan,Juventus,31.5,31.5
19,357,358,Enrico Brignola,ITA,FW,Benevento,Serie A,18,1999,18,16,"1,347",15.0,3,2,3,0,0,5,0,0.2,0.13,0.33,0.2,0.33,2.8,2.8,1.6,4.5,0.19,0.11,0.3,0.19,0.3,2017,Benevento,Sassuolo,3.15,3.15
20,390,391,Erick Cabaco,URU,DF,Levante,La Liga,22,1995,14,12,"1,040",11.6,0,0,0,0,0,5,0,0.0,0.0,0.0,0.0,0.0,0.5,0.5,0.0,0.5,0.04,0.0,0.04,0.04,0.04,2017,Nacional,Levante UD,1.8,1.8
21,409,410,Mattia Caldara,ITA,DF,Atalanta,Serie A,23,1994,24,24,"2,160",24.0,3,1,3,0,1,5,0,0.12,0.04,0.17,0.12,0.17,3.5,2.7,0.1,2.8,0.15,0.0,0.15,0.11,0.12,2017,Juventus,AC Milan,31.5,31.5
22,439,440,Marco Capuano,ITA,DF,Crotone,Serie A,25,1991,16,16,"1,407",15.6,0,0,0,0,0,4,2,0.0,0.0,0.0,0.0,0.0,0.2,0.2,0.0,0.2,0.01,0.0,0.01,0.01,0.01,2017,Cagliari,Frosinone,"900,000",0.9
23,440,441,Marco Capuano,ITA,DF,Cagliari,Serie A,25,1991,9,7,690,7.7,0,0,0,0,0,2,0,0.0,0.0,0.0,0.0,0.0,0.2,0.2,0.1,0.3,0.02,0.02,0.04,0.02,0.04,2017,Cagliari,Frosinone,"900,000",0.9
24,466,467,Gonzalo Castro,GER,MF,Dortmund,Bundesliga,30,1987,19,16,"1,206",13.4,0,2,0,0,0,3,0,0.0,0.15,0.15,0.0,0.15,1.6,1.6,3.4,5.0,0.12,0.26,0.37,0.12,0.37,2017,Bor. Dortmund,VfB Stuttgart,4.5,4.5
25,468,469,Lucas Castro,ARG,MF,Chievo,Serie A,28,1989,25,23,"1,985",22.1,3,4,3,0,0,3,0,0.14,0.18,0.32,0.14,0.32,3.4,3.4,2.2,5.6,0.15,0.1,0.26,0.15,0.26,2017,Chievo Verona,Cagliari,5.85,5.85
26,484,485,Nacer Chadli,BEL,MF,West Brom,Premier League,27,1989,5,2,260,2.9,1,0,1,0,0,1,0,0.35,0.0,0.35,0.35,0.35,0.1,0.1,0.1,0.2,0.06,0.04,0.09,0.06,0.09,2017,West Brom,AS Monaco,10.8,10.8
27,554,555,Joaquín Correa,ARG,FW,Sevilla,La Liga,22,1994,21,15,"1,193",13.3,1,1,1,0,0,5,0,0.08,0.08,0.15,0.08,0.15,1.6,1.6,1.9,3.5,0.12,0.14,0.26,0.12,0.26,2017,Sevilla,Lazio,13.5,13.5
28,559,560,Douglas Costa,BRA,FW,Juventus,Serie A,26,1990,31,18,"1,795",19.9,4,6,4,0,0,1,0,0.2,0.3,0.5,0.2,0.5,2.7,2.7,7.6,10.3,0.14,0.38,0.52,0.14,0.52,2017,Bayern Munich,Juventus,40,40.0
29,567,568,Thibaut Courtois,BEL,GK,Chelsea,Premier League,25,1992,35,35,"3,150",35.0,0,0,0,0,0,2,0,0.0,0.0,0.0,0.0,0.0,0.0,0.0,0.0,0.0,0.0,0.0,0.0,0.0,0.0,2017,Chelsea,Real Madrid,40,40.0
30,600,601,Danilo,BRA,DF,Manchester City,Premier League,26,1991,23,13,"1,349",15.0,3,2,3,0,0,2,0,0.2,0.13,0.33,0.2,0.33,1.1,1.1,0.2,1.2,0.07,0.01,0.08,0.07,0.08,2017,Braga,Nice,8,8.0
31,633,634,Thomas Delaney,DEN,MF,Werder Bremen,Bundesliga,25,1991,32,31,"2,796",31.1,3,4,3,0,0,5,0,0.1,0.13,0.23,0.1,0.23,4.2,4.2,2.5,6.7,0.13,0.08,0.21,0.13,0.21,2017,W. Bremen,Bor. Dortmund,20,20.0
32,652,653,Gerard Deulofeu,ESP,FW,Watford,Premier League,23,1994,7,5,435,4.8,1,0,1,0,0,0,0,0.21,0.0,0.21,0.21,0.21,0.6,0.6,0.7,1.3,0.12,0.14,0.26,0.12,0.26,2017,Barcelona,Watford,13,13.0
33,653,654,Gerard Deulofeu,ESP,MF,Barcelona,La Liga,23,1994,10,5,503,5.6,1,1,1,0,0,1,0,0.18,0.18,0.36,0.18,0.36,1.1,1.1,1.3,2.4,0.2,0.23,0.43,0.2,0.43,2017,Barcelona,Watford,13,13.0
34,655,656,Federico Di Francesco,ITA,FW,Bologna,Serie A,23,1994,24,20,"1,591",17.7,1,1,1,0,0,4,0,0.06,0.06,0.11,0.06,0.11,2.5,2.5,1.6,4.1,0.14,0.09,0.23,0.14,0.23,2017,Bologna,Sassuolo,9,9.0
35,664,665,Mouctar Diakhaby,GUI,DF,Lyon,Ligue 1,20,1996,12,8,728,8.1,1,0,1,0,0,2,0,0.12,0.0,0.12,0.12,0.12,0.3,0.3,0.0,0.3,0.03,0.0,0.03,0.03,0.03,2017,Lyon,Valencia,15,15.0
36,665,666,Abdou Diallo,SEN,DF,Mainz 05,Bundesliga,21,1996,27,27,"2,415",26.8,2,1,2,0,0,5,0,0.07,0.04,0.11,0.07,0.11,2.3,2.3,0.8,3.2,0.09,0.03,0.12,0.09,0.12,2017,Mainz 05,Bor. Dortmund,25.2,25.2
37,680,681,Lucas Digne,FRA,DF,Barcelona,La Liga,24,1993,12,8,704,7.8,0,2,0,0,0,2,0,0.0,0.26,0.26,0.0,0.26,0.5,0.5,1.5,1.9,0.06,0.19,0.25,0.06,0.25,2017,Barcelona,Everton,22,22.0
38,685,686,Issa Diop,FRA,DF,Toulouse,Ligue 1,20,1997,34,34,"3,060",34.0,3,0,3,0,0,8,0,0.09,0.0,0.09,0.09,0.09,1.3,1.3,0.4,1.7,0.04,0.01,0.05,0.04,0.05,2017,Toulouse,West Ham United,22.5,22.5
39,732,733,Riza Durmisi,DEN,DF,Betis,La Liga,23,1994,24,23,"2,080",23.1,2,3,2,0,0,4,0,0.09,0.13,0.22,0.09,0.22,1.4,1.4,2.6,4.0,0.06,0.11,0.17,0.06,0.17,2017,Real Betis,Lazio,5.85,5.85
40,747,748,Albin Ekdal,SWE,MF,Hamburger SV,Bundesliga,28,1989,19,12,"1,108",12.3,0,1,0,0,0,3,0,0.0,0.08,0.08,0.0,0.08,0.5,0.5,1.0,1.5,0.04,0.08,0.12,0.04,0.12,2017,Hamburger SV,Sampdoria,2,2.0
41,767,768,Jonny Evans,NIR,DF,West Brom,Premier League,29,1988,28,26,"2,270",25.2,2,2,2,0,0,7,0,0.08,0.08,0.16,0.08,0.16,1.9,1.9,0.4,2.3,0.08,0.02,0.09,0.08,0.09,2017,West Brom,Leicester,4,4.0
42,778,779,Fabinho,BRA,MF,Monaco,Ligue 1,23,1993,34,34,"3,060",34.0,7,3,3,4,4,8,0,0.21,0.09,0.29,0.09,0.18,5.4,2.4,3.8,6.2,0.16,0.11,0.27,0.07,0.18,2017,AS Monaco,Liverpool,45,45.0
43,783,784,Diego Falcinelli,ITA,FW,Sassuolo,Serie A,26,1991,20,15,"1,314",14.6,2,1,2,0,0,2,0,0.14,0.07,0.21,0.14,0.21,5.0,4.9,0.4,5.3,0.34,0.03,0.37,0.34,0.37,2017,Sassuolo,Bologna,9,9.0
44,784,785,Diego Falcinelli,ITA,FW,Fiorentina,Serie A,26,1991,12,3,440,4.9,0,0,0,0,0,0,0,0.0,0.0,0.0,0.0,0.0,1.6,1.6,0.9,2.5,0.32,0.18,0.5,0.32,0.5,2017,Sassuolo,Bologna,9,9.0
45,860,861,Gabriel,BRA,MF,Leganés,La Liga,23,1993,29,28,"2,377",26.4,5,2,4,1,1,6,1,0.19,0.08,0.27,0.15,0.23,5.5,4.8,2.3,7.0,0.21,0.09,0.29,0.18,0.27,2017,Leganes,Benfica,9,9.0
46,909,910,Willem Geubbels,FRA,FW,Lyon,Ligue 1,15,2001,2,0,33,0.4,0,0,0,0,0,0,0,0.0,0.0,0.0,0.0,0.0,0.0,0.0,0.0,0.0,0.0,0.0,0.0,0.0,0.0,2017,Olympique Lyon,AS Monaco,18,18.0
47,912,913,Rachid Ghezzal,ALG,FW,Monaco,Ligue 1,25,1992,26,7,"1,006",11.2,2,3,2,0,0,2,1,0.18,0.27,0.45,0.18,0.45,1.9,1.9,2.3,4.3,0.17,0.21,0.38,0.17,0.38,2017,AS Monaco,Leicester City,10.12,10.12
48,924,925,Daniel Ginczek,GER,FW,Stuttgart,Bundesliga,26,1991,23,17,"1,523",16.9,7,0,6,1,1,3,0,0.41,0.0,0.41,0.35,0.35,7.5,6.7,1.3,8.0,0.44,0.08,0.52,0.4,0.47,2017,VfB Stuttgart,Wolfsburg,9,9.0
49,933,934,Joris Gnagnon,FRA,DF,Rennes,Ligue 1,20,1997,36,32,"2,919",32.4,2,2,2,0,0,3,0,0.06,0.06,0.12,0.06,0.12,2.6,2.6,0.1,2.7,0.08,0.0,0.08,0.08,0.08,2017,Rennes,Sevilla,15,15.0
50,938,939,Pierluigi Gollini,ITA,GK,Atalanta,Serie A,22,1995,7,7,622,6.9,0,0,0,0,0,0,0,0.0,0.0,0.0,0.0,0.0,0.0,0.0,0.0,0.0,0.0,0.0,0.0,0.0,0.0,2017,Aston Villa,Atalanta,4,4.0
51,977,978,Samuel Grandsir,FRA,FW,Troyes,Ligue 1,20,1996,36,29,"2,603",28.9,3,4,3,0,0,3,0,0.1,0.14,0.24,0.1,0.24,4.0,4.0,3.6,7.6,0.14,0.12,0.26,0.14,0.26,2017,Troyes,AS Monaco,2.7,2.7
52,990,991,Vincenzo Grifo,ITA,MF,M'Gladbach,Bundesliga,24,1993,17,9,786,8.7,0,3,0,0,0,0,0,0.0,0.34,0.34,0.0,0.34,0.8,0.8,2.8,3.6,0.1,0.32,0.41,0.1,0.41,2017,Monchengladbach,Hoffenheim,4.95,4.95
53,1030,1031,Florent Hadergjonaj,KVX,DF,Huddersfield,Premier League,23,1994,23,19,"1,674",18.6,0,1,0,0,0,3,0,0.0,0.05,0.05,0.0,0.05,0.5,0.5,1.6,2.1,0.02,0.09,0.11,0.02,0.11,2017,Ingolstadt,Huddersfield,5,5.0
54,1045,1046,Genki Haraguchi,JPN,MF,Hertha BSC,Bundesliga,26,1991,7,2,211,2.3,0,0,0,0,0,2,1,0.0,0.0,0.0,0.0,0.0,0.2,0.2,1.0,1.2,0.07,0.43,0.5,0.07,0.5,2017,Hertha BSC,Hannover 96,3.6,3.6
55,1049,1050,Joe Hart,ENG,GK,West Ham,Premier League,30,1987,19,19,"1,710",19.0,0,1,0,0,0,0,0,0.0,0.05,0.05,0.0,0.05,0.0,0.0,0.8,0.8,0.0,0.04,0.04,0.0,0.04,2017,Manchester City,Burnley,3.9,3.9
56,1068,1069,Benjamin Henrichs,GER,DF,Leverkusen,Bundesliga,20,1997,23,11,"1,268",14.1,0,1,0,0,0,1,1,0.0,0.07,0.07,0.0,0.07,0.8,0.8,1.6,2.5,0.06,0.12,0.17,0.06,0.17,2017,Bayer Leverkusen,Monaco,20,20.0
57,1145,1146,Tom Ince,ENG,MF,Huddersfield,Premier League,25,1992,33,27,"2,452",27.2,2,0,2,0,0,0,0,0.07,0.0,0.07,0.07,0.07,6.4,6.4,0.9,7.3,0.23,0.03,0.27,0.23,0.27,2017,Huddersfield,Stoke,11.2,11.2
58,1167,1168,Armando Izzo,ITA,DF,Genoa,Serie A,25,1992,16,16,"1,387",15.4,1,0,1,0,0,2,0,0.06,0.0,0.06,0.06,0.06,0.8,0.8,0.1,0.8,0.05,0.0,0.05,0.05,0.05,2017,Genoa,Torino,7.2,7.2
59,1178,1179,Saidy Janko,GAM,DF,Saint-Étienne,Ligue 1,21,1995,21,16,"1,422",15.8,0,0,0,0,0,4,0,0.0,0.0,0.0,0.0,0.0,0.1,0.1,0.7,0.8,0.01,0.05,0.05,0.01,0.05,2017,St. Etienne,FC Porto,2.7,2.7
60,1210,1211,Jorginho,ITA,MF,Napoli,Serie A,25,1991,33,33,"2,650",29.4,2,3,1,1,2,5,0,0.07,0.1,0.17,0.03,0.14,2.2,0.5,3.6,4.1,0.07,0.12,0.2,0.02,0.14,2017,Napoli,Chelsea,51.3,51.3
61,1258,1259,Orestis Karnezis,GRE,GK,Watford,Premier League,32,1985,15,14,"1,292",14.4,0,0,0,0,0,0,0,0.0,0.0,0.0,0.0,0.0,0.0,0.0,0.0,0.0,0.0,0.0,0.0,0.0,0.0,2017,Udinese,Napoli,2.25,2.25
62,1269,1270,Thilo Kehrer,GER,DF,Schalke 04,Bundesliga,20,1996,28,27,"2,365",26.3,3,0,3,0,0,4,0,0.11,0.0,0.11,0.11,0.11,1.3,1.3,0.4,1.6,0.05,0.01,0.06,0.05,0.06,2017,Schalke 04,Paris SG,33,33.0
63,1283,1284,Wahbi Khazri,TUN,FW,Rennes,Ligue 1,26,1991,24,23,"1,918",21.3,9,2,6,3,4,8,1,0.42,0.09,0.52,0.28,0.38,8.3,5.3,3.6,8.9,0.39,0.17,0.56,0.25,0.42,2017,Sunderland,St. Etienne,6.3,6.3
64,1294,1295,Davy Klaassen,NED,MF,Everton,Premier League,24,1993,7,3,251,2.8,0,0,0,0,0,0,0,0.0,0.0,0.0,0.0,0.0,0.0,0.0,0.1,0.1,0.01,0.04,0.05,0.01,0.05,2017,Everton,Werder Bremen,13.5,13.5
65,1296,1297,Ragnar Klavan,EST,DF,Liverpool,Premier League,31,1985,19,16,"1,451",16.1,1,0,1,0,0,0,0,0.06,0.0,0.06,0.06,0.06,0.7,0.7,0.1,0.8,0.04,0.01,0.05,0.04,0.05,2017,Liverpool,Cagliari,1.17,1.17
66,1314,1315,Geoffrey Kondogbia,CTA,MF,Valencia,La Liga,24,1993,31,30,"2,614",29.0,4,4,4,0,0,12,1,0.14,0.14,0.28,0.14,0.28,2.2,2.2,2.5,4.7,0.08,0.08,0.16,0.08,0.16,2017,Inter Milan,Valencia,25,25.0
67,1327,1328,Cheikhou Kouyaté,SEN,MF,West Ham,Premier League,27,1989,33,32,"2,799",31.1,2,3,2,0,0,5,0,0.06,0.1,0.16,0.06,0.16,2.7,2.7,0.6,3.3,0.09,0.02,0.11,0.09,0.11,2017,West Ham,Crystal Palace,10.6,10.6
68,1364,1365,Alban Lafont,FRA,GK,Toulouse,Ligue 1,18,1999,38,38,"3,420",38.0,0,0,0,0,0,3,0,0.0,0.0,0.0,0.0,0.0,0.1,0.1,0.0,0.1,0.0,0.0,0.0,0.0,0.0,2017,Toulouse,Fiorentina,7.65,7.65
69,1394,1395,Maxime Le Marchand,FRA,DF,Nice,Ligue 1,27,1989,29,29,"2,534",28.2,0,3,0,0,0,4,0,0.0,0.11,0.11,0.0,0.11,0.4,0.4,0.9,1.4,0.02,0.03,0.05,0.02,0.05,2017,Nice,Fulham,17,17.0
70,1403,1404,Thomas Lemar,FRA,MF,Monaco,Ligue 1,21,1995,30,27,"2,378",26.4,2,8,2,0,0,1,0,0.08,0.3,0.38,0.08,0.38,4.2,4.2,7.3,11.5,0.16,0.28,0.44,0.16,0.44,2017,AS Monaco,Atletico Madrid,58.5,58.5
71,1411,1412,Bernd Leno,GER,GK,Leverkusen,Bundesliga,25,1992,33,33,"2,970",33.0,0,0,0,0,0,1,0,0.0,0.0,0.0,0.0,0.0,0.0,0.0,0.1,0.1,0.0,0.0,0.0,0.0,0.0,2017,Bayer Leverkusen,Arsenal,22.5,22.5
72,1416,1417,Jefferson Lerma,COL,MF,Levante,La Liga,22,1994,26,25,"2,135",23.7,0,1,0,0,0,16,0,0.0,0.04,0.04,0.0,0.04,1.5,1.5,0.9,2.4,0.06,0.04,0.1,0.06,0.1,2017,Levante UD,Bournemouth,25.2,25.2
73,1504,1505,Riyad Mahrez,ALG,MF,Leicester City,Premier League,26,1991,36,34,"2,950",32.8,12,10,12,0,0,2,0,0.37,0.31,0.67,0.37,0.67,5.9,5.9,8.3,14.2,0.18,0.25,0.43,0.18,0.43,2017,Leicester City,Manchester City,68,68.0
74,1516,1517,Malcom,BRA,FW,Bordeaux,Ligue 1,20,1997,35,32,"2,856",31.7,12,7,11,1,2,2,0,0.38,0.22,0.6,0.35,0.57,7.4,5.7,9.0,14.7,0.23,0.28,0.52,0.18,0.46,2017,Bordeaux,FC Barcelona,41,41.0
75,1526,1527,Rolando Mandragora,ITA,MF,Crotone,Serie A,20,1997,36,36,"3,240",36.0,2,0,2,0,0,8,0,0.06,0.0,0.06,0.06,0.06,2.2,2.2,1.5,3.7,0.06,0.04,0.1,0.06,0.1,2017,Juventus,Udinese,18,18.0
76,1558,1559,Marlon,BRA,DF,Nice,Ligue 1,21,1995,23,22,"1,929",21.4,0,0,0,0,0,5,1,0.0,0.0,0.0,0.0,0.0,0.3,0.3,0.3,0.6,0.01,0.01,0.03,0.01,0.03,2017,FC Barcelona,Sassuolo,5.4,5.4
77,1578,1579,Omar Mascarell,ESP,MF,Eint Frankfurt,Bundesliga,24,1993,9,8,771,8.6,1,0,1,0,0,4,0,0.12,0.0,0.12,0.12,0.12,0.2,0.2,0.7,0.9,0.03,0.08,0.1,0.03,0.1,2017,Frankfurt,Schalke 04,10,10.0
78,1599,1600,Alfie Mawson,ENG,DF,Swansea City,Premier League,23,1994,38,38,"3,420",38.0,2,1,2,0,0,3,0,0.05,0.03,0.08,0.05,0.08,1.9,1.9,0.4,2.3,0.05,0.01,0.06,0.05,0.06,2017,Swansea,Fulham,15.1,15.1
79,1610,1611,Chancel Mbemba,COD,DF,Newcastle Utd,Premier League,22,1994,9,7,672,7.5,0,0,0,0,0,0,0,0.0,0.0,0.0,0.0,0.0,0.0,0.0,0.5,0.5,0.0,0.07,0.07,0.0,0.07,2017,Newcastle,FC Porto,7.2,7.2
80,1645,1646,Hamza Mendyl,MAR,DF,Lille,Ligue 1,19,1997,12,9,851,9.5,0,0,0,0,0,2,1,0.0,0.0,0.0,0.0,0.0,0.2,0.2,0.6,0.8,0.02,0.06,0.08,0.02,0.08,2017,Lille,Schalke 04,5.5,5.5
81,1648,1649,Alex Meret,ITA,GK,SPAL,Serie A,20,1997,13,13,"1,158",12.9,0,0,0,0,0,0,0,0.0,0.0,0.0,0.0,0.0,0.0,0.0,0.0,0.0,0.0,0.0,0.0,0.0,0.0,2017,Udinese,Napoli,19.8,19.8
82,1673,1674,Yerry Mina,COL,DF,Barcelona,La Liga,22,1994,5,4,371,4.1,0,1,0,0,0,2,0,0.0,0.24,0.24,0.0,0.24,0.2,0.2,0.1,0.3,0.06,0.02,0.08,0.06,0.08,2017,FC Barcelona,Everton,32,32.0
83,1675,1676,Ignasi Miquel,ESP,DF,Málaga,La Liga,24,1992,20,20,"1,773",19.7,0,1,0,0,0,5,1,0.0,0.05,0.05,0.0,0.05,0.5,0.5,0.1,0.6,0.03,0.01,0.03,0.03,0.03,2017,Malaga,Getafe,4.5,4.5
84,1678,1679,Antonio Mirante,ITA,GK,Bologna,Serie A,34,1983,33,33,"2,970",33.0,0,0,0,0,0,5,0,0.0,0.0,0.0,0.0,0.0,0.1,0.1,0.0,0.1,0.0,0.0,0.0,0.0,0.0,2017,Bologna,AS Roma,3.6,3.6
85,1679,1680,Simone Missiroli,ITA,MF,Sassuolo,Serie A,31,1986,35,33,"2,918",32.4,1,1,1,0,0,4,0,0.03,0.03,0.06,0.03,0.06,2.3,2.3,2.5,4.8,0.07,0.08,0.15,0.07,0.15,2017,Sassuolo,SPAL,2.25,2.25
86,1687,1688,Johan Mojica,COL,DF,Girona,La Liga,24,1992,30,22,"2,135",23.7,0,4,0,0,0,6,0,0.0,0.17,0.17,0.0,0.17,0.7,0.7,2.7,3.3,0.03,0.11,0.14,0.03,0.14,2017,Rayo Vallecano,Girona,4.5,4.5
87,1711,1712,Gerard Moreno,ESP,FW,Espanyol,La Liga,25,1992,38,38,"3,412",37.9,16,1,15,1,2,4,0,0.42,0.03,0.45,0.4,0.42,16.7,15.1,4.4,19.5,0.44,0.12,0.56,0.4,0.51,2017,Espanyol,Villarreal,18,18.0
88,1765,1766,Yuto Nagatomo,JPN,DF,Inter,Serie A,30,1986,11,9,790,8.8,0,1,0,0,0,1,0,0.0,0.11,0.11,0.0,0.11,0.1,0.1,0.6,0.7,0.01,0.07,0.08,0.01,0.08,2017,Inter Milan,Galatasaray,2.25,2.25
89,1768,1769,Radja Nainggolan,BEL,MF,Roma,Serie A,29,1988,31,31,"2,613",29.0,4,7,4,0,0,7,2,0.14,0.24,0.38,0.14,0.38,3.7,3.7,6.9,10.6,0.13,0.24,0.37,0.13,0.37,2017,Roma,Inter Milan,24,24.0
90,1783,1784,Marc Navarro,ESP,DF,Espanyol,La Liga,22,1995,19,10,"1,109",12.3,1,0,1,0,0,3,0,0.08,0.0,0.08,0.08,0.08,1.1,1.1,0.9,2.0,0.09,0.08,0.17,0.09,0.17,2017,Espanyol,Watford,1.8,1.8
91,1832,1833,Joel Obi,NGA,MF,Torino,Serie A,26,1991,22,16,"1,247",13.9,5,1,5,0,0,3,0,0.36,0.07,0.43,0.36,0.43,4.1,4.1,0.3,4.4,0.31,0.02,0.33,0.31,0.33,2017,Torino,Chievo Verona,1.8,1.8
92,1912,1913,Javier Pastore,ARG,MF,Paris S-G,Ligue 1,28,1989,25,14,"1,347",15.0,4,5,4,0,0,2,0,0.27,0.33,0.6,0.27,0.6,2.6,2.6,3.8,6.4,0.17,0.25,0.42,0.17,0.42,2017,PSG,AS Roma,22.2,22.2
93,1953,1954,Mattia Perin,ITA,GK,Genoa,Serie A,24,1992,37,37,"3,330",37.0,0,0,0,0,0,1,0,0.0,0.0,0.0,0.0,0.0,0.0,0.0,0.1,0.1,0.0,0.0,0.0,0.0,0.0,2017,Genoa,Juventus,12,12.0
94,1988,1989,Alassane Pléa,FRA,FW,Nice,Ligue 1,24,1993,35,34,"3,041",33.8,16,5,15,1,2,6,0,0.47,0.15,0.62,0.44,0.59,13.5,11.9,3.1,15.1,0.4,0.09,0.49,0.35,0.45,2017,Nice,B. Monchengladbach,20.7,20.7
95,2067,2068,Recio,ESP,MF,Málaga,La Liga,26,1991,22,21,"1,837",20.4,1,2,0,1,1,11,1,0.05,0.1,0.15,0.0,0.1,1.7,0.9,1.5,2.4,0.08,0.08,0.16,0.04,0.12,2017,Malaga,Leganes,1.35,1.35
96,2089,2090,Richarlison,BRA,FW,Watford,Premier League,20,1997,38,32,"2,823",31.4,5,4,5,0,0,4,0,0.16,0.13,0.29,0.16,0.29,10.5,10.5,3.2,13.6,0.33,0.1,0.44,0.33,0.44,2017,Watford,Everton,40.5,40.5
97,2091,2092,Diego Rico,ESP,DF,Leganés,La Liga,24,1993,26,26,"2,228",24.8,2,2,2,0,0,9,1,0.08,0.08,0.16,0.08,0.16,1.6,1.6,2.8,4.3,0.06,0.11,0.17,0.06,0.17,2017,Leganes,Bournemouth,13.5,13.5
98,2118,2119,Rodri,ESP,MF,Villarreal,La Liga,21,1996,37,36,"3,227",35.9,1,3,1,0,0,8,0,0.03,0.08,0.11,0.03,0.11,1.4,1.4,1.8,3.3,0.04,0.05,0.09,0.04,0.09,2017,Villarreal,Atletico Madrid,20,20.0
99,2141,2142,Cristiano Ronaldo,POR,FW,Real Madrid,La Liga,32,1985,27,27,"2,285",25.4,26,5,23,3,4,1,0,1.02,0.2,1.22,0.91,1.1,23.6,20.5,4.8,25.3,0.93,0.19,1.12,0.81,0.99,2017,Real Madrid,Juventus,120,120.0
100,2160,2161,Sebastian Rudy,GER,MF,Bayern Munich,Bundesliga,27,1990,25,16,"1,515",16.8,1,4,1,0,0,2,0,0.06,0.24,0.3,0.06,0.3,0.8,0.8,1.0,1.8,0.05,0.06,0.11,0.05,0.11,2017,Bayern Munich,Schalke 04,14.4,14.4
101,2199,2200,Bartosz Salamon,POL,DF,SPAL,Serie A,26,1991,22,20,"1,725",19.2,0,0,0,0,0,5,0,0.0,0.0,0.0,0.0,0.0,0.7,0.7,0.2,1.0,0.04,0.01,0.05,0.04,0.05,2017,Cagliari,SPAL,1.8,1.8
102,2293,2294,Xherdan Shaqiri,SUI,FW,Stoke City,Premier League,25,1991,36,36,"3,039",33.8,8,7,8,0,1,5,0,0.24,0.21,0.44,0.24,0.44,5.7,5.0,7.0,12.0,0.17,0.21,0.38,0.15,0.36,2017,Stoke City,Liverpool,13.23,13.23
103,2299,2300,Sidnei,BRA,DF,La Coruña,La Liga,27,1989,21,21,"1,778",19.8,1,1,1,0,0,4,0,0.05,0.05,0.1,0.05,0.1,0.5,0.5,0.5,0.9,0.02,0.02,0.05,0.02,0.05,2017,Deportivo La Coruna,Real Betis,4.05,4.05
104,2339,2340,Ramadan Sobhi,EGY,FW,Stoke City,Premier League,20,1997,24,12,"1,238",13.8,2,0,2,0,0,2,0,0.15,0.0,0.15,0.15,0.15,1.7,1.7,1.2,2.9,0.13,0.08,0.21,0.13,0.21,2017,Stoke City,Huddersfield,5.85,5.85
105,2351,2352,David Soria,ESP,GK,Sevilla,La Liga,24,1993,15,15,"1,264",14.0,0,0,0,0,0,1,0,0.0,0.0,0.0,0.0,0.0,0.0,0.0,0.0,0.0,0.0,0.0,0.0,0.0,0.0,2017,Sevilla,Getafe,2.7,2.7
106,2392,2393,Kevin Strootman,NED,MF,Roma,Serie A,27,1990,32,26,"2,258",25.1,1,1,1,0,0,4,0,0.04,0.04,0.08,0.04,0.08,2.9,2.9,1.5,4.4,0.12,0.06,0.18,0.12,0.18,2017,AS Roma,Marseille,22.5,22.5
107,2461,2462,Karl Toko Ekambi,CMR,FW,Angers,Ligue 1,24,1992,37,33,"3,040",33.8,17,6,14,3,3,4,0,0.5,0.18,0.68,0.41,0.59,16.2,13.9,4.2,18.1,0.48,0.12,0.6,0.41,0.54,2017,Angers,Villarreal,18,18.0
108,2476,2477,Lucas Torreira,URU,MF,Sampdoria,Serie A,21,1996,36,36,"3,180",35.3,4,1,4,0,0,6,0,0.11,0.03,0.14,0.11,0.14,1.6,1.6,2.0,3.5,0.04,0.06,0.1,0.04,0.1,2017,Sampdoria,Arsenal,27,27.0
109,2507,2508,Marco Tumminello,ITA,FW,Roma,Serie A,18,1998,1,0,1,0.0,0,0,0,0,0,0,0,0.0,0.0,0.0,0.0,0.0,0.0,0.0,0.0,0.0,0.0,0.0,0.0,0.0,0.0,2017,AS Roma,Atalanta,4.5,4.5
110,2508,2509,Marco Tumminello,ITA,FW,Crotone,Serie A,18,1998,9,2,203,2.3,3,1,3,0,0,1,0,1.33,0.44,1.77,1.33,1.77,0.9,0.9,0.7,1.6,0.42,0.3,0.72,0.42,0.72,2017,AS Roma,Atalanta,4.5,4.5
111,2550,2551,Simone Verdi,ITA,FW,Bologna,Serie A,25,1992,34,34,"2,827",31.4,10,8,8,2,2,2,0,0.32,0.25,0.57,0.25,0.51,8.1,6.6,5.6,12.2,0.26,0.18,0.44,0.21,0.39,2017,Bologna,Napoli,22.5,22.5
112,2559,2560,Jannik Vestergaard,DEN,DF,M'Gladbach,Bundesliga,24,1992,32,32,"2,880",32.0,3,0,3,0,0,5,0,0.09,0.0,0.09,0.09,0.09,1.8,1.8,0.8,2.6,0.06,0.02,0.08,0.06,0.08,2017,B. Monchengladbach,Southampton,20,20.0
113,2562,2563,Aleix Vidal,ESP,MF,Barcelona,La Liga,27,1989,15,4,460,5.1,1,1,1,0,0,0,0,0.2,0.2,0.39,0.2,0.39,1.0,1.0,0.9,1.8,0.19,0.17,0.36,0.19,0.36,2017,FC Barcelona,Sevilla,7.65,7.65
114,2563,2564,Arturo Vidal,CHI,MF,Bayern Munich,Bundesliga,30,1987,22,17,"1,456",16.2,6,2,6,0,0,6,0,0.37,0.12,0.49,0.37,0.49,4.6,4.6,2.3,6.9,0.29,0.14,0.43,0.29,0.43,2017,Bayern Munich,FC Barcelona,22,22.0
115,2577,2578,Emiliano Viviano,ITA,GK,Sampdoria,Serie A,31,1985,27,27,"2,430",27.0,0,0,0,0,0,2,0,0.0,0.0,0.0,0.0,0.0,0.0,0.0,0.0,0.0,0.0,0.0,0.0,0.0,0.0,2017,Sampdoria,Sporting CP,1.8,1.8
116,2593,2594,Walace,BRA,MF,Hamburger SV,Bundesliga,22,1995,18,16,"1,318",14.6,1,2,1,0,0,3,0,0.07,0.14,0.2,0.07,0.2,0.7,0.7,1.2,1.9,0.05,0.08,0.13,0.05,0.13,2017,Hamburger SV,Hannover 96,5.4,5.4
117,2609,2610,Daniel Wass,DEN,MF,Celta Vigo,La Liga,28,1989,35,34,"2,932",32.6,4,8,4,0,0,3,0,0.12,0.25,0.37,0.12,0.37,4.2,4.2,4.4,8.5,0.13,0.13,0.26,0.13,0.26,2017,Celta Vigo,Valencia,5.4,5.4
118,2636,2637,Marius Wolf,GER,MF,Eint Frankfurt,Bundesliga,22,1995,28,27,"2,363",26.3,5,8,5,0,0,4,0,0.19,0.3,0.5,0.19,0.5,3.1,3.1,5.3,8.4,0.12,0.2,0.32,0.12,0.32,2017,Eint. Frankfurt,Bor. Dortmund,5,5.0
119,2714,24,Ruben Aguilar,FRA,DF,Montpellier,Ligue 1,25,1993,29,29,"2,528",28.1,1,4,1,0,0,8,0,0.04,0.14,0.18,0.04,0.18,0.7,0.7,3.2,3.9,0.03,0.11,0.14,0.03,0.14,2018,Montpellier,Monaco,7.5,7.5
120,2715,24,Ruben Aguilar,FRA,DF,Montpellier,Ligue 1,25,1993,29,29,"2,528",28.1,1,4,1,0,0,8,0,0.04,0.14,0.18,0.04,0.18,0.7,0.7,3.2,3.9,0.03,0.11,0.14,0.03,0.14,2018,Montpellier,Monaco,7.5,7.5
121,2778,87,Joachim Andersen,DEN,DF,Sampdoria,Serie A,22,1996,32,32,"2,880",32.0,0,1,0,0,0,7,0,0.0,0.03,0.03,0.0,0.03,0.9,0.9,0.5,1.5,0.03,0.02,0.05,0.03,0.05,2018,Sampdoria,Lyon,26,26.0
122,2779,87,Joachim Andersen,DEN,DF,Sampdoria,Serie A,22,1996,32,32,"2,880",32.0,0,1,0,0,0,7,0,0.0,0.03,0.03,0.0,0.03,0.9,0.9,0.5,1.5,0.03,0.02,0.05,0.03,0.05,2018,Sampdoria,Lyon,26,26.0
123,2832,140,Charlie Austin,ENG,FW,Southampton,Premier League,29,1989,25,11,983,10.9,2,2,2,0,1,1,0,0.18,0.18,0.37,0.18,0.37,3.6,3.1,0.2,3.3,0.33,0.02,0.35,0.29,0.31,2018,Southampton,West Brom,4.3,4.3
124,2833,140,Charlie Austin,ENG,FW,Southampton,Premier League,29,1989,25,11,983,10.9,2,2,2,0,1,1,0,0.18,0.18,0.37,0.18,0.37,3.6,3.1,0.2,3.3,0.33,0.02,0.35,0.29,0.31,2018,Southampton,West Brom,4.3,4.3
125,2835,142,Jordan Ayew,GHA,FW,Crystal Palace,Premier League,26,1991,20,14,"1,181",13.1,1,2,1,0,0,3,0,0.08,0.15,0.23,0.08,0.23,2.5,2.5,1.1,3.7,0.19,0.09,0.28,0.19,0.28,2018,Swansea,Crystal Palace,3,3.0
126,2836,142,Jordan Ayew,GHA,FW,Crystal Palace,Premier League,26,1991,20,14,"1,181",13.1,1,2,1,0,0,3,0,0.08,0.15,0.23,0.08,0.23,2.5,2.5,1.1,3.7,0.19,0.09,0.28,0.19,0.28,2018,Swansea,Crystal Palace,3,3.0
127,2910,216,Timo Baumgartl,GER,DF,Stuttgart,Bundesliga,22,1996,18,18,"1,620",18.0,1,0,1,0,0,2,0,0.06,0.0,0.06,0.06,0.06,0.2,0.2,0.0,0.3,0.01,0.0,0.01,0.01,0.01,2018,Stuttgart,PSV Eindhoven,9,9.0
128,2911,216,Timo Baumgartl,GER,DF,Stuttgart,Bundesliga,22,1996,18,18,"1,620",18.0,1,0,1,0,0,2,0,0.06,0.0,0.06,0.06,0.06,0.2,0.2,0.0,0.3,0.01,0.0,0.01,0.01,0.01,2018,Stuttgart,PSV Eindhoven,9,9.0
129,2936,241,Wissam Ben Yedder,FRA,FW,Sevilla,La Liga,27,1990,35,31,"2,812",31.2,18,9,16,2,2,3,0,0.58,0.29,0.86,0.51,0.8,17.6,16.0,6.6,22.7,0.56,0.21,0.77,0.51,0.73,2018,Sevilla,Monaco,40,40.0
130,2937,241,Wissam Ben Yedder,FRA,FW,Sevilla,La Liga,27,1990,35,31,"2,812",31.2,18,9,16,2,2,3,0,0.58,0.29,0.86,0.51,0.8,17.6,16.0,6.6,22.7,0.56,0.21,0.77,0.51,0.73,2018,Sevilla,Monaco,40,40.0
131,2950,254,Ramy Bensebaini,ALG,DF,Rennes,Ligue 1,23,1995,25,24,"2,152",23.9,1,0,1,0,0,9,0,0.04,0.0,0.04,0.04,0.04,0.9,0.9,1.1,2.0,0.04,0.04,0.08,0.04,0.08,2018,Rennes,Monchengladbach,8,8.0
132,2951,254,Ramy Bensebaini,ALG,DF,Rennes,Ligue 1,23,1995,25,24,"2,152",23.9,1,0,1,0,0,9,0,0.04,0.0,0.04,0.04,0.04,0.9,0.9,1.1,2.0,0.04,0.04,0.08,0.04,0.08,2018,Rennes,Monchengladbach,8,8.0
133,2980,283,Pedro Bigas,ESP,DF,Eibar,La Liga,27,1990,10,7,585,6.5,0,1,0,0,0,1,0,0.0,0.15,0.15,0.0,0.15,0.2,0.2,0.3,0.5,0.03,0.04,0.07,0.03,0.07,2018,UD Las Palmas,Eibar,2.7,2.7
134,2981,283,Pedro Bigas,ESP,DF,Eibar,La Liga,27,1990,10,7,585,6.5,0,1,0,0,0,1,0,0.0,0.15,0.15,0.0,0.15,0.2,0.2,0.3,0.5,0.03,0.04,0.07,0.03,0.07,2018,UD Las Palmas,Eibar,2.7,2.7
135,2983,285,Philip Billing,DEN,MF,Huddersfield,Premier League,22,1996,27,25,"2,188",24.3,2,0,2,0,0,7,0,0.08,0.0,0.08,0.08,0.08,1.9,1.9,0.9,2.9,0.08,0.04,0.12,0.08,0.12,2018,Huddersfield,Bournemouth,15,15.0
136,2984,285,Philip Billing,DEN,MF,Huddersfield,Premier League,22,1996,27,25,"2,188",24.3,2,0,2,0,0,7,0,0.08,0.0,0.08,0.08,0.08,1.9,1.9,0.9,2.9,0.08,0.04,0.12,0.08,0.12,2018,Huddersfield,Bournemouth,15,15.0
137,3003,304,Antonin Bobichon,FRA,MF,Nîmes,Ligue 1,22,1995,30,24,"2,153",23.9,7,2,7,0,1,2,0,0.29,0.08,0.38,0.29,0.38,2.7,1.9,2.3,4.2,0.11,0.1,0.21,0.08,0.18,2018,Nimes,Angers,1.5,1.5
138,3004,304,Antonin Bobichon,FRA,MF,Nîmes,Ligue 1,22,1995,30,24,"2,153",23.9,7,2,7,0,1,2,0,0.29,0.08,0.38,0.29,0.38,2.7,1.9,2.3,4.2,0.11,0.1,0.21,0.08,0.18,2018,Nimes,Angers,1.5,1.5
139,3021,321,Olivier Boscagli,FRA,DF,Nice,Ligue 1,20,1997,14,10,863,9.6,0,1,0,0,0,1,0,0.0,0.1,0.1,0.0,0.1,0.3,0.3,0.8,1.1,0.03,0.09,0.12,0.03,0.12,2018,Nice,PSV Eindhoven,2,2.0
140,3022,321,Olivier Boscagli,FRA,DF,Nice,Ligue 1,20,1997,14,10,863,9.6,0,1,0,0,0,1,0,0.0,0.1,0.1,0.0,0.1,0.3,0.3,0.8,1.1,0.03,0.09,0.12,0.03,0.12,2018,Nice,PSV Eindhoven,2,2.0
141,3025,324,Denis Bouanga,GAB,FW,Nîmes,Ligue 1,23,1994,35,29,"2,633",29.3,8,2,8,0,0,5,0,0.27,0.07,0.34,0.27,0.34,7.2,7.2,2.8,10.0,0.25,0.1,0.34,0.25,0.34,2018,Nimes,Saint Etienne,4.05,4.05
142,3026,324,Denis Bouanga,GAB,FW,Nîmes,Ligue 1,23,1994,35,29,"2,633",29.3,8,2,8,0,0,5,0,0.27,0.07,0.34,0.27,0.34,7.2,7.2,2.8,10.0,0.25,0.1,0.34,0.25,0.34,2018,Nimes,Saint Etienne,4.05,4.05
143,3028,326,Ryad Boudebouz,ALG,MF,Celta Vigo,La Liga,28,1990,11,8,717,8.0,1,2,1,0,0,2,1,0.13,0.25,0.38,0.13,0.38,1.0,1.0,2.1,3.1,0.13,0.26,0.39,0.13,0.39,2018,Real Betis,Saint Etienne,3.15,3.15
144,3029,326,Ryad Boudebouz,ALG,MF,Celta Vigo,La Liga,28,1990,11,8,717,8.0,1,2,1,0,0,2,1,0.13,0.25,0.38,0.13,0.38,1.0,1.0,2.1,3.1,0.13,0.26,0.39,0.13,0.39,2018,Real Betis,Saint Etienne,3.15,3.15
145,3030,327,Ryad Boudebouz,ALG,MF,Betis,La Liga,28,1990,9,6,539,6.0,0,0,0,0,0,1,0,0.0,0.0,0.0,0.0,0.0,0.6,0.6,1.5,2.0,0.1,0.24,0.34,0.1,0.34,2018,Real Betis,Saint Etienne,3.15,3.15
146,3031,327,Ryad Boudebouz,ALG,MF,Betis,La Liga,28,1990,9,6,539,6.0,0,0,0,0,0,1,0,0.0,0.0,0.0,0.0,0.0,0.6,0.6,1.5,2.0,0.1,0.24,0.34,0.1,0.34,2018,Real Betis,Saint Etienne,3.15,3.15
147,3043,339,Julian Brandt,GER,MF,Leverkusen,Bundesliga,22,1996,33,30,"2,666",29.6,7,11,7,0,0,0,0,0.24,0.37,0.61,0.24,0.61,7.9,7.9,9.0,16.9,0.27,0.31,0.57,0.27,0.57,2018,Bayer Leverkusen,Bor. Dortmund,22.5,22.5
148,3044,339,Julian Brandt,GER,MF,Leverkusen,Bundesliga,22,1996,33,30,"2,666",29.6,7,11,7,0,0,0,0,0.24,0.37,0.61,0.24,0.61,7.9,7.9,9.0,16.9,0.27,0.31,0.57,0.27,0.57,2018,Bayer Leverkusen,Bor. Dortmund,22.5,22.5
149,3062,357,Bruma,POR,MF,RB Leipzig,Bundesliga,23,1994,14,6,553,6.1,1,1,1,0,1,1,0,0.16,0.16,0.33,0.16,0.33,1.3,0.5,1.2,1.8,0.21,0.2,0.41,0.09,0.29,2018,RB Leipzig,PSV Eindhoven,13.5,13.5
150,3063,357,Bruma,POR,MF,RB Leipzig,Bundesliga,23,1994,14,6,553,6.1,1,1,1,0,1,1,0,0.16,0.16,0.33,0.16,0.33,1.3,0.5,1.2,1.8,0.21,0.2,0.41,0.09,0.29,2018,RB Leipzig,PSV Eindhoven,13.5,13.5
151,3102,396,Fernando Calero,ESP,DF,Valladolid,La Liga,22,1995,36,35,"3,130",34.8,1,0,1,0,0,7,0,0.03,0.0,0.03,0.03,0.03,0.6,0.6,0.2,0.8,0.02,0.01,0.02,0.02,0.02,2018,Real Valladolid,Espanyol,7.2,7.2
152,3103,396,Fernando Calero,ESP,DF,Valladolid,La Liga,22,1995,36,35,"3,130",34.8,1,0,1,0,0,7,0,0.03,0.0,0.03,0.03,0.03,0.6,0.6,0.2,0.8,0.02,0.01,0.02,0.02,0.02,2018,Real Valladolid,Espanyol,7.2,7.2
153,3113,406,Rafael Camacho,POR,DF,Liverpool,Premier League,18,2000,1,0,1,0.0,0,0,0,0,0,0,0,0.0,0.0,0.0,0.0,0.0,0.0,0.0,0.0,0.0,0.0,0.0,0.0,0.0,0.0,2018,Liverpool,Sporting CP,5.5,5.5
154,3114,406,Rafael Camacho,POR,DF,Liverpool,Premier League,18,2000,1,0,1,0.0,0,0,0,0,0,0,0,0.0,0.0,0.0,0.0,0.0,0.0,0.0,0.0,0.0,0.0,0.0,0.0,0.0,0.0,2018,Liverpool,Sporting CP,5.5,5.5
155,3135,427,Marc Cardona,ESP,FW,Eibar,La Liga,23,1995,17,6,604,6.7,3,1,3,0,0,1,0,0.45,0.15,0.6,0.45,0.6,2.8,2.8,0.6,3.4,0.41,0.1,0.51,0.41,0.51,2018,FC Barcelona,Osasuna,2.25,2.25
156,3136,427,Marc Cardona,ESP,FW,Eibar,La Liga,23,1995,17,6,604,6.7,3,1,3,0,0,1,0,0.45,0.15,0.6,0.45,0.6,2.8,2.8,0.6,3.4,0.41,0.1,0.51,0.41,0.51,2018,FC Barcelona,Osasuna,2.25,2.25
157,3137,428,Diego Carlos,BRA,DF,Nantes,Ligue 1,25,1993,35,35,"3,148",35.0,2,0,2,0,0,8,0,0.06,0.0,0.06,0.06,0.06,2.0,2.0,0.2,2.1,0.06,0.01,0.06,0.06,0.06,2018,Nantes,Sevilla,15,15.0
158,3138,428,Diego Carlos,BRA,DF,Nantes,Ligue 1,25,1993,35,35,"3,148",35.0,2,0,2,0,0,8,0,0.06,0.0,0.06,0.06,0.06,2.0,2.0,0.2,2.1,0.06,0.01,0.06,0.06,0.06,2018,Nantes,Sevilla,15,15.0
159,3184,474,Denis Cheryshev,RUS,MF,Valencia,La Liga,27,1990,27,19,"1,706",19.0,2,2,2,0,0,2,0,0.11,0.11,0.21,0.11,0.21,3.2,3.2,6.8,10.0,0.17,0.36,0.53,0.17,0.53,2018,Villarreal,Valencia,6,6.0
160,3185,474,Denis Cheryshev,RUS,MF,Valencia,La Liga,27,1990,27,19,"1,706",19.0,2,2,2,0,0,2,0,0.11,0.11,0.21,0.11,0.21,3.2,3.2,6.8,10.0,0.17,0.36,0.53,0.17,0.53,2018,Villarreal,Valencia,6,6.0
161,3201,490,Jasper Cillessen,NED,GK,Barcelona,La Liga,29,1989,3,3,270,3.0,0,0,0,0,0,0,0,0.0,0.0,0.0,0.0,0.0,0.0,0.0,0.0,0.0,0.0,0.0,0.0,0.0,0.0,2018,FC Barcelona,Valencia,35,35.0
162,3202,490,Jasper Cillessen,NED,GK,Barcelona,La Liga,29,1989,3,3,270,3.0,0,0,0,0,0,0,0,0.0,0.0,0.0,0.0,0.0,0.0,0.0,0.0,0.0,0.0,0.0,0.0,0.0,0.0,2018,FC Barcelona,Valencia,35,35.0
163,3265,553,Marc Cucurella,ESP,MF,Eibar,La Liga,20,1998,31,26,"2,354",26.2,1,2,1,0,0,6,0,0.04,0.08,0.11,0.04,0.11,1.8,1.8,3.4,5.2,0.07,0.13,0.2,0.07,0.2,2018,Eibar,Barcelona,4,4.0
164,3266,553,Marc Cucurella,ESP,MF,Eibar,La Liga,20,1998,31,26,"2,354",26.2,1,2,1,0,0,6,0,0.04,0.08,0.11,0.04,0.11,1.8,1.8,3.4,5.2,0.07,0.13,0.2,0.07,0.2,2018,FC Barcelona,Eibar,1.80,1.8
165,3267,553,Marc Cucurella,ESP,MF,Eibar,La Liga,20,1998,31,26,"2,354",26.2,1,2,1,0,0,6,0,0.04,0.08,0.11,0.04,0.11,1.8,1.8,3.4,5.2,0.07,0.13,0.2,0.07,0.2,2018,Eibar,Barcelona,4,4.0
166,3268,553,Marc Cucurella,ESP,MF,Eibar,La Liga,20,1998,31,26,"2,354",26.2,1,2,1,0,0,6,0,0.04,0.08,0.11,0.04,0.11,1.8,1.8,3.4,5.2,0.07,0.13,0.2,0.07,0.2,2018,FC Barcelona,Eibar,1.80,1.8
167,3273,558,Patrick Cutrone,ITA,FW,Milan,Serie A,20,1998,34,12,"1,457",16.2,3,2,3,0,0,2,0,0.19,0.12,0.31,0.19,0.31,4.1,4.1,2.4,6.5,0.25,0.15,0.4,0.25,0.4,2018,AC Milan,Wolves,17,17.0
168,3274,558,Patrick Cutrone,ITA,FW,Milan,Serie A,20,1998,34,12,"1,457",16.2,3,2,3,0,0,2,0,0.19,0.12,0.31,0.19,0.31,4.1,4.1,2.4,6.5,0.25,0.15,0.4,0.25,0.4,2018,AC Milan,Wolves,17,17.0
169,3325,609,Andy Delort,ALG,FW,Montpellier,Ligue 1,26,1991,36,36,"3,115",34.6,14,7,11,3,3,4,0,0.4,0.2,0.61,0.32,0.52,13.7,11.4,5.9,17.3,0.4,0.17,0.57,0.33,0.5,2018,Toulouse,Montpellier,5,5.0
170,3326,609,Andy Delort,ALG,FW,Montpellier,Ligue 1,26,1991,36,36,"3,115",34.6,14,7,11,3,3,4,0,0.4,0.2,0.61,0.32,0.52,13.7,11.4,5.9,17.3,0.4,0.17,0.57,0.33,0.5,2018,Toulouse,Montpellier,5,5.0
171,3327,610,Fabian Delph,ENG,DF,Manchester City,Premier League,28,1989,11,8,725,8.1,0,1,0,0,0,1,1,0.0,0.12,0.12,0.0,0.12,0.1,0.1,0.4,0.5,0.01,0.05,0.07,0.01,0.07,2018,Manchester City,Everton,9.5,9.5
172,3328,610,Fabian Delph,ENG,DF,Manchester City,Premier League,28,1989,11,8,725,8.1,0,1,0,0,0,1,1,0.0,0.12,0.12,0.0,0.12,0.1,0.1,0.4,0.5,0.01,0.05,0.07,0.01,0.07,2018,Manchester City,Everton,9.5,9.5
173,3334,616,Kerem Demirbay,GER,MF,Hoffenheim,Bundesliga,25,1993,26,24,"2,017",22.4,4,9,4,0,0,6,0,0.18,0.4,0.58,0.18,0.58,4.0,4.0,8.5,12.5,0.18,0.38,0.56,0.18,0.56,2018,Hoffenheim,Bayer Leverkusen,29,29.0
174,3335,616,Kerem Demirbay,GER,MF,Hoffenheim,Bundesliga,25,1993,26,24,"2,017",22.4,4,9,4,0,0,6,0,0.18,0.4,0.58,0.18,0.58,4.0,4.0,8.5,12.5,0.18,0.38,0.56,0.18,0.56,2018,Hoffenheim,Bayer Leverkusen,29,29.0
175,3356,637,Moussa Diaby,FRA,MF,Paris S-G,Ligue 1,19,1999,25,10,"1,141",12.7,2,6,2,0,0,1,0,0.16,0.47,0.63,0.16,0.63,2.3,2.3,4.2,6.6,0.18,0.34,0.52,0.18,0.52,2018,PSG,Bayer Leverkusen,13.5,13.5
176,3357,637,Moussa Diaby,FRA,MF,Paris S-G,Ligue 1,19,1999,25,10,"1,141",12.7,2,6,2,0,0,1,0,0.16,0.47,0.63,0.16,0.63,2.3,2.3,4.2,6.6,0.18,0.34,0.52,0.18,0.52,2018,PSG,Bayer Leverkusen,13.5,13.5
177,3361,641,Abdou Diallo,SEN,DF,Dortmund,Bundesliga,22,1996,28,27,"2,379",26.4,1,1,1,0,0,1,1,0.04,0.04,0.08,0.04,0.08,0.8,0.8,0.7,1.5,0.03,0.03,0.06,0.03,0.06,2018,Borussia Dortmund,PSG,31,31.0
178,3362,641,Abdou Diallo,SEN,DF,Dortmund,Bundesliga,22,1996,28,27,"2,379",26.4,1,1,1,0,0,1,1,0.04,0.04,0.08,0.04,0.08,0.8,0.8,0.7,1.5,0.03,0.03,0.06,0.03,0.06,2018,Borussia Dortmund,PSG,31,31.0
179,3464,743,Breel Embolo,SUI,FW,Schalke 04,Bundesliga,21,1997,20,15,"1,345",14.9,5,1,5,0,0,4,0,0.33,0.07,0.4,0.33,0.4,3.6,3.6,2.4,6.1,0.24,0.16,0.41,0.24,0.41,2018,Schalke 04,Monchengladbach,9,9.0
180,3465,743,Breel Embolo,SUI,FW,Schalke 04,Bundesliga,21,1997,20,15,"1,345",14.9,5,1,5,0,0,4,0,0.33,0.07,0.4,0.33,0.4,3.6,3.6,2.4,6.1,0.24,0.16,0.41,0.24,0.41,2018,Schalke 04,Monchengladbach,9,9.0
181,3466,744,Emerson,BRA,DF,Betis,La Liga,19,1999,6,4,317,3.5,0,0,0,0,0,1,0,0.0,0.0,0.0,0.0,0.0,0.2,0.2,0.3,0.5,0.05,0.1,0.15,0.05,0.15,2018,Atletico MG,FC Barcelona,10.8,10.8
182,3467,744,Emerson,BRA,DF,Betis,La Liga,19,1999,6,4,317,3.5,0,0,0,0,0,1,0,0.0,0.0,0.0,0.0,0.0,0.2,0.2,0.3,0.5,0.05,0.1,0.15,0.05,0.15,2018,Atletico MG,FC Barcelona,10.8,10.8
183,3508,785,Nabil Fekir,FRA,MF,Lyon,Ligue 1,25,1993,29,24,"1,988",22.1,9,7,5,4,6,5,0,0.41,0.32,0.72,0.23,0.54,10.5,6.0,5.6,11.6,0.48,0.25,0.73,0.27,0.52,2018,Lyon,Real Betis,19.7,19.7
184,3509,785,Nabil Fekir,FRA,MF,Lyon,Ligue 1,25,1993,29,24,"1,988",22.1,9,7,5,4,6,5,0,0.41,0.32,0.72,0.23,0.54,10.5,6.0,5.6,11.6,0.48,0.25,0.73,0.27,0.52,2018,Lyon,Real Betis,19.7,19.7
185,3511,787,Felipe,BRA,DF,Hannover 96,Bundesliga,31,1987,17,14,"1,095",12.2,2,0,2,0,0,5,1,0.16,0.0,0.16,0.16,0.16,0.8,0.8,0.0,0.8,0.06,0.0,0.06,0.06,0.06,2018,FC Porto,Atletico Madrid,18,18.0
186,3512,787,Felipe,BRA,DF,Hannover 96,Bundesliga,31,1987,17,14,"1,095",12.2,2,0,2,0,0,5,1,0.16,0.0,0.16,0.16,0.16,0.8,0.8,0.0,0.8,0.06,0.0,0.06,0.06,0.06,2018,FC Porto,Atletico Madrid,18,18.0
187,3529,804,Jordan Ferri,FRA,MF,Lyon,Ligue 1,26,1992,4,1,116,1.3,0,0,0,0,0,0,0,0.0,0.0,0.0,0.0,0.0,0.0,0.0,0.0,0.0,0.0,0.0,0.0,0.0,0.0,2018,Lyon,Montpellier,2,2.0
188,3530,804,Jordan Ferri,FRA,MF,Lyon,Ligue 1,26,1992,4,1,116,1.3,0,0,0,0,0,0,0,0.0,0.0,0.0,0.0,0.0,0.0,0.0,0.0,0.0,0.0,0.0,0.0,0.0,0.0,2018,Lyon,Montpellier,2,2.0
189,3531,805,Jordan Ferri,FRA,MF,Nîmes,Ligue 1,26,1992,24,21,"1,874",20.8,2,1,2,0,0,5,0,0.1,0.05,0.14,0.1,0.14,1.1,1.1,2.2,3.3,0.05,0.11,0.16,0.05,0.16,2018,Lyon,Montpellier,2,2.0
190,3532,805,Jordan Ferri,FRA,MF,Nîmes,Ligue 1,26,1992,24,21,"1,874",20.8,2,1,2,0,0,5,0,0.1,0.05,0.14,0.1,0.14,1.1,1.1,2.2,3.3,0.05,0.11,0.16,0.05,0.16,2018,Lyon,Montpellier,2,2.0
191,3536,809,Junior Firpo,ESP,DF,Betis,La Liga,21,1996,24,22,"1,937",21.5,3,4,3,0,0,7,0,0.14,0.19,0.33,0.14,0.33,2.0,2.0,2.1,4.2,0.09,0.1,0.19,0.09,0.19,2018,Real Betis,FC Barcelona,18,18.0
192,3537,809,Junior Firpo,ESP,DF,Betis,La Liga,21,1996,24,22,"1,937",21.5,3,4,3,0,0,7,0,0.14,0.19,0.33,0.14,0.33,2.0,2.0,2.1,4.2,0.09,0.1,0.19,0.09,0.19,2018,Real Betis,FC Barcelona,18,18.0
193,3552,824,Pablo Fornals,ESP,MF,Villarreal,La Liga,22,1996,35,28,"2,479",27.5,2,3,2,0,0,4,0,0.07,0.11,0.18,0.07,0.18,4.3,4.3,4.8,9.1,0.16,0.18,0.33,0.16,0.33,2018,Villarreal,West Ham United,28,28.0
194,3553,824,Pablo Fornals,ESP,MF,Villarreal,La Liga,22,1996,35,28,"2,479",27.5,2,3,2,0,0,4,0,0.07,0.11,0.18,0.07,0.18,4.3,4.3,4.8,9.1,0.16,0.18,0.33,0.16,0.33,2018,Villarreal,West Ham United,28,28.0
195,3576,847,Niclas Füllkrug,GER,FW,Hannover 96,Bundesliga,25,1993,14,13,"1,112",12.4,2,1,1,1,1,1,0,0.16,0.08,0.24,0.08,0.16,3.7,2.9,1.0,3.9,0.3,0.08,0.38,0.24,0.32,2018,Hannover 96,Werder Bremen,5.85,5.85
196,3577,847,Niclas Füllkrug,GER,FW,Hannover 96,Bundesliga,25,1993,14,13,"1,112",12.4,2,1,1,1,1,1,0,0.16,0.08,0.24,0.08,0.16,3.7,2.9,1.0,3.9,0.3,0.08,0.38,0.24,0.32,2018,Hannover 96,Werder Bremen,5.85,5.85
197,3589,859,Enric Gallego,ESP,FW,Huesca,La Liga,31,1986,19,17,"1,539",17.1,5,1,5,0,0,4,0,0.29,0.06,0.35,0.29,0.35,3.6,3.6,1.7,5.3,0.21,0.1,0.31,0.21,0.31,2018,Huesca,Getafe,6,6.0
198,3590,859,Enric Gallego,ESP,FW,Huesca,La Liga,31,1986,19,17,"1,539",17.1,5,1,5,0,0,4,0,0.29,0.06,0.35,0.29,0.35,3.6,3.6,1.7,5.3,0.21,0.1,0.31,0.21,0.31,2018,Huesca,Getafe,6,6.0
199,3615,884,Jean-Philippe Gbamin,CIV,MF,Mainz 05,Bundesliga,22,1995,31,30,"2,672",29.7,2,1,2,0,0,3,0,0.07,0.03,0.1,0.07,0.1,1.4,1.4,1.8,3.2,0.05,0.06,0.11,0.05,0.11,2018,Mainz 05,Everton,22.5,22.5
200,3616,884,Jean-Philippe Gbamin,CIV,MF,Mainz 05,Bundesliga,22,1995,31,30,"2,672",29.7,2,1,2,0,0,3,0,0.07,0.03,0.1,0.07,0.1,1.4,1.4,1.8,3.2,0.05,0.06,0.11,0.05,0.11,2018,Mainz 05,Everton,22.5,22.5
201,3698,966,Antoine Griezmann,FRA,FW,Atlético Madrid,La Liga,27,1991,37,37,"3,198",35.5,15,8,12,3,3,5,0,0.42,0.23,0.65,0.34,0.56,13.7,11.4,6.8,18.2,0.39,0.19,0.58,0.32,0.51,2018,Atletico Madrid,Barcelona,120,120.0
202,3699,966,Antoine Griezmann,FRA,FW,Atlético Madrid,La Liga,27,1991,37,37,"3,198",35.5,15,8,12,3,3,5,0,0.42,0.23,0.65,0.34,0.56,13.7,11.4,6.8,18.2,0.39,0.19,0.58,0.32,0.51,2018,Atletico Madrid,Barcelona,120,120.0
203,3770,1037,Eden Hazard,BEL,FW,Chelsea,Premier League,27,1991,37,32,"2,923",32.5,16,15,12,4,4,2,0,0.49,0.46,0.95,0.37,0.83,11.7,8.7,9.9,18.6,0.36,0.3,0.67,0.27,0.57,2018,Chelsea,Real Madrid,100,100.0
204,3771,1037,Eden Hazard,BEL,FW,Chelsea,Premier League,27,1991,37,32,"2,923",32.5,16,15,12,4,4,2,0,0.49,0.46,0.95,0.37,0.83,11.7,8.7,9.9,18.6,0.36,0.3,0.67,0.27,0.57,2018,Chelsea,Real Madrid,100,100.0
205,3772,1038,Thorgan Hazard,BEL,FW,M'Gladbach,Bundesliga,25,1993,33,33,"2,873",31.9,10,11,7,3,5,1,0,0.31,0.34,0.66,0.22,0.56,11.3,7.5,8.9,16.4,0.35,0.28,0.63,0.23,0.51,2018,Monchengladbach,Bor. Dortmund,22.5,22.5
206,3773,1038,Thorgan Hazard,BEL,FW,M'Gladbach,Bundesliga,25,1993,33,33,"2,873",31.9,10,11,7,3,5,1,0,0.31,0.34,0.66,0.22,0.56,11.3,7.5,8.9,16.4,0.35,0.28,0.63,0.23,0.51,2018,Monchengladbach,Bor. Dortmund,22.5,22.5
207,3775,1040,Tom Heaton,ENG,GK,Burnley,Premier League,32,1986,19,19,"1,710",19.0,0,0,0,0,0,3,0,0.0,0.0,0.0,0.0,0.0,0.0,0.0,0.0,0.1,0.0,0.0,0.0,0.0,0.0,2018,Burnley,Aston Villa,8.5,8.5
208,3776,1040,Tom Heaton,ENG,GK,Burnley,Premier League,32,1986,19,19,"1,710",19.0,0,0,0,0,0,3,0,0.0,0.0,0.0,0.0,0.0,0.0,0.0,0.0,0.1,0.0,0.0,0.0,0.0,0.0,2018,Burnley,Aston Villa,8.5,8.5
209,3788,1052,Mario Hermoso,ESP,DF,Espanyol,La Liga,23,1995,32,31,"2,806",31.2,3,0,3,0,0,7,0,0.1,0.0,0.1,0.1,0.1,1.8,1.8,0.1,1.9,0.06,0.0,0.06,0.06,0.06,2018,Espanyol,Atletico Madrid,25,25.0
210,3789,1052,Mario Hermoso,ESP,DF,Espanyol,La Liga,23,1995,32,31,"2,806",31.2,3,0,3,0,0,7,0,0.1,0.0,0.1,0.1,0.1,1.8,1.8,0.1,1.9,0.06,0.0,0.06,0.06,0.06,2018,Espanyol,Atletico Madrid,25,25.0
211,3803,1066,Oscar Hiljemark,SWE,MF,Genoa,Serie A,26,1992,17,15,"1,196",13.3,1,0,1,0,0,0,0,0.08,0.0,0.08,0.08,0.08,1.2,1.2,0.7,1.9,0.09,0.05,0.14,0.09,0.14,2018,Genoa,Dinamo Moscow,"500,000",0.5
212,3804,1066,Oscar Hiljemark,SWE,MF,Genoa,Serie A,26,1992,17,15,"1,196",13.3,1,0,1,0,0,0,0,0.08,0.0,0.08,0.08,0.08,1.2,1.2,0.7,1.9,0.09,0.05,0.14,0.09,0.14,2018,Genoa,Dinamo Moscow,"500,000",0.5
213,3806,1068,Martin Hinteregger,AUT,DF,Eint Frankfurt,Bundesliga,25,1992,14,14,"1,142",12.7,1,0,1,0,0,3,0,0.08,0.0,0.08,0.08,0.08,0.9,0.9,0.1,1.0,0.08,0.01,0.09,0.08,0.09,2018,Augsburg,Eintracht Frankfurt,12,12.0
214,3807,1068,Martin Hinteregger,AUT,DF,Eint Frankfurt,Bundesliga,25,1992,14,14,"1,142",12.7,1,0,1,0,0,3,0,0.08,0.0,0.08,0.08,0.08,0.9,0.9,0.1,1.0,0.08,0.01,0.09,0.08,0.09,2018,Augsburg,Eintracht Frankfurt,12,12.0
215,3808,1069,Martin Hinteregger,AUT,DF,Augsburg,Bundesliga,25,1992,18,18,"1,575",17.5,2,0,2,0,0,0,0,0.11,0.0,0.11,0.11,0.11,1.2,1.2,0.4,1.6,0.07,0.02,0.09,0.07,0.09,2018,Augsburg,Eintracht Frankfurt,12,12.0
216,3809,1069,Martin Hinteregger,AUT,DF,Augsburg,Bundesliga,25,1992,18,18,"1,575",17.5,2,0,2,0,0,0,0,0.11,0.0,0.11,0.11,0.11,1.2,1.2,0.4,1.6,0.07,0.02,0.09,0.07,0.09,2018,Augsburg,Eintracht Frankfurt,12,12.0
217,3850,1110,Borja Iglesias,ESP,FW,Espanyol,La Liga,25,1993,37,35,"3,075",34.2,17,3,14,3,3,5,0,0.5,0.09,0.59,0.41,0.5,16.6,14.3,3.5,17.8,0.49,0.1,0.59,0.42,0.52,2018,Espanyol,Real Betis,25.2,25.2
218,3851,1110,Borja Iglesias,ESP,FW,Espanyol,La Liga,25,1993,37,35,"3,075",34.2,17,3,14,3,3,5,0,0.5,0.09,0.59,0.41,0.5,16.6,14.3,3.5,17.8,0.49,0.1,0.59,0.42,0.52,2018,Espanyol,Real Betis,25.2,25.2
219,3864,1123,Danny Ings,ENG,FW,Southampton,Premier League,26,1992,24,23,"1,651",18.3,7,3,4,3,3,1,0,0.38,0.16,0.55,0.22,0.38,9.5,7.2,2.8,10.0,0.52,0.15,0.67,0.39,0.54,2018,Liverpool,Southampton,20,20.0
220,3865,1123,Danny Ings,ENG,FW,Southampton,Premier League,26,1992,24,23,"1,651",18.3,7,3,4,3,3,1,0,0.38,0.16,0.55,0.22,0.38,9.5,7.2,2.8,10.0,0.52,0.15,0.67,0.39,0.54,2018,Liverpool,Southampton,20,20.0
221,3869,1127,Takashi Inui,JPN,FW,Betis,La Liga,30,1988,8,5,377,4.2,0,0,0,0,0,0,0,0.0,0.0,0.0,0.0,0.0,1.3,1.3,0.2,1.5,0.32,0.04,0.36,0.32,0.36,2018,Real Betis,Eibar,2,2.0
222,3870,1127,Takashi Inui,JPN,FW,Betis,La Liga,30,1988,8,5,377,4.2,0,0,0,0,0,0,0,0.0,0.0,0.0,0.0,0.0,1.3,1.3,0.2,1.5,0.32,0.04,0.36,0.32,0.36,2018,Real Betis,Eibar,2,2.0
223,3871,1128,Takashi Inui,JPN,MF,Alavés,La Liga,30,1988,12,10,828,9.2,2,0,2,0,0,0,0,0.22,0.0,0.22,0.22,0.22,1.6,1.6,0.4,2.0,0.17,0.04,0.21,0.17,0.21,2018,Real Betis,Eibar,2,2.0
224,3872,1128,Takashi Inui,JPN,MF,Alavés,La Liga,30,1988,12,10,828,9.2,2,0,2,0,0,0,0,0.22,0.0,0.22,0.22,0.22,1.6,1.6,0.4,2.0,0.17,0.04,0.21,0.17,0.21,2018,Real Betis,Eibar,2,2.0
225,3883,1139,Alex Iwobi,NGA,FW,Arsenal,Premier League,22,1996,35,22,"1,970",21.9,3,6,3,0,0,0,0,0.14,0.27,0.41,0.14,0.41,3.7,3.7,6.0,9.6,0.17,0.27,0.44,0.17,0.44,2018,Arsenal,Everton,30,30.0
226,3884,1139,Alex Iwobi,NGA,FW,Arsenal,Premier League,22,1996,35,22,"1,970",21.9,3,6,3,0,0,0,0,0.14,0.27,0.41,0.14,0.41,3.7,3.7,6.0,9.6,0.17,0.27,0.44,0.17,0.44,2018,Arsenal,Everton,30,30.0
227,3918,1173,Joelinton,BRA,FW,Hoffenheim,Bundesliga,21,1996,28,25,"2,130",23.7,7,5,7,0,0,5,0,0.3,0.21,0.51,0.3,0.51,9.3,9.3,4.2,13.5,0.39,0.18,0.57,0.39,0.57,2018,Hoffenheim,Newcastle United,44,44.0
228,3919,1173,Joelinton,BRA,FW,Hoffenheim,Bundesliga,21,1996,28,25,"2,130",23.7,7,5,7,0,0,5,0,0.3,0.21,0.51,0.3,0.51,9.3,9.3,4.2,13.5,0.39,0.18,0.57,0.39,0.57,2018,Hoffenheim,Newcastle United,44,44.0
229,3946,1200,Juanmi,ESP,FW,Real Sociedad,La Liga,25,1993,30,16,"1,523",16.9,5,2,5,0,0,5,1,0.3,0.12,0.41,0.3,0.41,6.4,6.4,1.5,7.9,0.38,0.09,0.47,0.38,0.47,2018,Real Sociedad,Real Betis,7.2,7.2
230,3947,1200,Juanmi,ESP,FW,Real Sociedad,La Liga,25,1993,30,16,"1,523",16.9,5,2,5,0,0,5,1,0.3,0.12,0.41,0.3,0.41,6.4,6.4,1.5,7.9,0.38,0.09,0.47,0.38,0.47,2018,Real Sociedad,Real Betis,7.2,7.2
231,3951,1204,Christopher Jullien,FRA,DF,Toulouse,Ligue 1,25,1993,34,34,"3,015",33.5,1,0,1,0,0,8,0,0.03,0.0,0.03,0.03,0.03,2.6,2.6,0.4,3.0,0.08,0.01,0.09,0.08,0.09,2018,Toulouse,Celtic,7.2,7.2
232,3952,1204,Christopher Jullien,FRA,DF,Toulouse,Ligue 1,25,1993,34,34,"3,015",33.5,1,0,1,0,0,8,0,0.03,0.0,0.03,0.03,0.03,2.6,2.6,0.4,3.0,0.08,0.01,0.09,0.08,0.09,2018,Toulouse,Celtic,7.2,7.2
233,3959,1211,Ozan Kabak,TUR,DF,Stuttgart,Bundesliga,18,2000,15,15,"1,350",15.0,3,0,3,0,0,4,0,0.2,0.0,0.2,0.2,0.2,1.1,1.1,0.3,1.3,0.07,0.02,0.09,0.07,0.09,2018,Stuttgart,Schalke 04,13.5,13.5
234,3960,1211,Ozan Kabak,TUR,DF,Stuttgart,Bundesliga,18,2000,15,15,"1,350",15.0,3,0,3,0,0,4,0,0.2,0.0,0.2,0.2,0.2,1.1,1.1,0.3,1.3,0.07,0.02,0.09,0.07,0.09,2018,Stuttgart,Schalke 04,13.5,13.5
235,3992,1243,Moise Kean,ITA,FW,Juventus,Serie A,18,2000,13,5,541,6.0,6,0,6,0,0,2,0,1.0,0.0,1.0,1.0,1.0,3.4,3.4,0.2,3.6,0.56,0.04,0.6,0.56,0.6,2018,Juventus,Everton,27.5,27.5
236,3993,1243,Moise Kean,ITA,FW,Juventus,Serie A,18,2000,13,5,541,6.0,6,0,6,0,0,2,0,1.0,0.0,1.0,1.0,1.0,3.4,3.4,0.2,3.6,0.56,0.04,0.6,0.56,0.6,2018,Juventus,Everton,27.5,27.5
237,4052,1302,Laurent Koscielny,FRA,DF,Arsenal,Premier League,32,1985,17,13,"1,331",14.8,3,0,3,0,0,1,0,0.2,0.0,0.2,0.2,0.2,1.6,1.6,0.1,1.7,0.11,0.01,0.11,0.11,0.11,2018,Arsenal,Bordeaux,4.5,4.5
238,4053,1302,Laurent Koscielny,FRA,DF,Arsenal,Premier League,32,1985,17,13,"1,331",14.8,3,0,3,0,0,1,0,0.2,0.0,0.2,0.2,0.2,1.6,1.6,0.1,1.7,0.11,0.01,0.11,0.11,0.11,2018,Arsenal,Bordeaux,4.5,4.5
239,4064,1313,Emil Krafth,SWE,DF,Amiens,Ligue 1,23,1994,35,33,"2,974",33.0,1,1,1,0,0,2,0,0.03,0.03,0.06,0.03,0.06,0.7,0.7,2.4,3.1,0.02,0.07,0.09,0.02,0.09,2018,Amiens,Newcastle,5.4,5.4
240,4065,1313,Emil Krafth,SWE,DF,Amiens,Ligue 1,23,1994,35,33,"2,974",33.0,1,1,1,0,0,2,0,0.03,0.03,0.06,0.03,0.06,0.7,0.7,2.4,3.1,0.02,0.07,0.09,0.02,0.09,2018,Amiens,Newcastle,5.4,5.4
241,4129,1377,Benjamin Lecomte,FRA,GK,Montpellier,Ligue 1,27,1991,37,37,"3,330",37.0,0,0,0,0,0,1,0,0.0,0.0,0.0,0.0,0.0,0.0,0.0,0.2,0.2,0.0,0.0,0.0,0.0,0.0,2018,Montpellier,Monaco,13.5,13.5
242,4130,1377,Benjamin Lecomte,FRA,GK,Montpellier,Ligue 1,27,1991,37,37,"3,330",37.0,0,0,0,0,0,1,0,0.0,0.0,0.0,0.0,0.0,0.0,0.0,0.2,0.2,0.0,0.0,0.0,0.0,0.0,2018,Montpellier,Monaco,13.5,13.5
243,4165,1412,Marcos Llorente,ESP,MF,Real Madrid,La Liga,23,1995,7,6,540,6.0,0,0,0,0,0,1,0,0.0,0.0,0.0,0.0,0.0,0.1,0.1,0.3,0.4,0.02,0.05,0.07,0.02,0.07,2018,Real Madrid,Atletico Madrid,36,36.0
244,4166,1412,Marcos Llorente,ESP,MF,Real Madrid,La Liga,23,1995,7,6,540,6.0,0,0,0,0,0,1,0,0.0,0.0,0.0,0.0,0.0,0.1,0.1,0.3,0.4,0.02,0.05,0.07,0.02,0.07,2018,Real Madrid,Atletico Madrid,36,36.0
245,4179,1425,Ademola Lookman,NGA,FW,Everton,Premier League,20,1997,21,3,618,6.9,0,2,0,0,0,0,0,0.0,0.29,0.29,0.0,0.29,1.4,1.4,1.2,2.6,0.21,0.17,0.38,0.21,0.38,2018,Everton,RB Leipzig,18,18.0
246,4180,1425,Ademola Lookman,NGA,FW,Everton,Premier League,20,1997,21,3,618,6.9,0,2,0,0,0,0,0,0.0,0.29,0.29,0.0,0.29,1.4,1.4,1.2,2.6,0.21,0.17,0.38,0.21,0.38,2018,Everton,RB Leipzig,18,18.0
247,4182,1427,Rony Lopes,POR,FW,Monaco,Ligue 1,22,1995,24,22,"1,849",20.5,2,2,2,0,0,1,0,0.1,0.1,0.19,0.1,0.19,5.0,5.0,4.1,9.1,0.24,0.2,0.44,0.24,0.44,2018,Monaco,Sevilla,20,20.0
248,4183,1427,Rony Lopes,POR,FW,Monaco,Ligue 1,22,1995,24,22,"1,849",20.5,2,2,2,0,0,1,0,0.1,0.1,0.19,0.1,0.19,5.0,5.0,4.1,9.1,0.24,0.2,0.44,0.24,0.44,2018,Monaco,Sevilla,20,20.0
249,4201,1445,Eduard Löwen,GER,MF,Nürnberg,Bundesliga,21,1997,22,17,"1,623",18.0,3,2,3,0,0,3,0,0.17,0.11,0.28,0.17,0.28,2.0,2.0,1.5,3.6,0.11,0.08,0.2,0.11,0.2,2018,Nuremberg,Hertha Berlin,6.3,6.3
250,4202,1445,Eduard Löwen,GER,MF,Nürnberg,Bundesliga,21,1997,22,17,"1,623",18.0,3,2,3,0,0,3,0,0.17,0.11,0.28,0.17,0.28,2.0,2.0,1.5,3.6,0.11,0.08,0.2,0.11,0.2,2018,Nuremberg,Hertha Berlin,6.3,6.3
251,4211,1454,David Luiz,BRA,DF,Chelsea,Premier League,31,1987,36,36,"3,238",36.0,3,2,3,0,0,3,0,0.08,0.06,0.14,0.08,0.14,2.4,2.4,2.0,4.4,0.07,0.06,0.12,0.07,0.12,2018,Chelsea,Arsenal,8.7,8.7
252,4212,1454,David Luiz,BRA,DF,Chelsea,Premier League,31,1987,36,36,"3,238",36.0,3,2,3,0,0,3,0,0.08,0.06,0.14,0.08,0.14,2.4,2.4,2.0,4.4,0.07,0.06,0.12,0.07,0.12,2018,Chelsea,Arsenal,8,8.0
253,4213,1454,David Luiz,BRA,DF,Chelsea,Premier League,31,1987,36,36,"3,238",36.0,3,2,3,0,0,3,0,0.08,0.06,0.14,0.08,0.14,2.4,2.4,2.0,4.4,0.07,0.06,0.12,0.07,0.12,2018,Chelsea,Arsenal,8.7,8.7
254,4214,1454,David Luiz,BRA,DF,Chelsea,Premier League,31,1987,36,36,"3,238",36.0,3,2,3,0,0,3,0,0.08,0.06,0.14,0.08,0.14,2.4,2.4,2.0,4.4,0.07,0.06,0.12,0.07,0.12,2018,Chelsea,Arsenal,8,8.0
255,4215,1455,Douglas Luiz,BRA,MF,Girona,La Liga,20,1998,23,16,"1,490",16.6,0,0,0,0,0,7,0,0.0,0.0,0.0,0.0,0.0,1.1,1.1,0.4,1.4,0.06,0.02,0.09,0.06,0.09,2018,Manchester City,Aston Villa,16,16.0
256,4216,1455,Douglas Luiz,BRA,MF,Girona,La Liga,20,1998,23,16,"1,490",16.6,0,0,0,0,0,7,0,0.0,0.0,0.0,0.0,0.0,1.1,1.1,0.4,1.4,0.06,0.02,0.09,0.06,0.09,2018,Manchester City,Aston Villa,16,16.0
257,4220,1459,Dodi Lukebakio,BEL,FW,Düsseldorf,Bundesliga,20,1997,31,22,"1,972",21.9,10,3,6,4,6,6,0,0.46,0.14,0.59,0.27,0.41,12.7,8.1,2.3,10.4,0.58,0.1,0.68,0.37,0.47,2018,Watford,Hertha Berlin,18,18.0
258,4221,1459,Dodi Lukebakio,BEL,FW,Düsseldorf,Bundesliga,20,1997,31,22,"1,972",21.9,10,3,6,4,6,6,0,0.46,0.14,0.59,0.27,0.41,12.7,8.1,2.3,10.4,0.58,0.1,0.68,0.37,0.47,2018,Watford,Hertha Berlin,18,18.0
259,4240,1478,Harry Maguire,ENG,DF,Leicester City,Premier League,25,1993,31,31,"2,596",28.8,3,0,3,0,0,6,1,0.1,0.0,0.1,0.1,0.1,2.1,2.1,0.5,2.7,0.07,0.02,0.09,0.07,0.09,2018,Leicester City,Manchester United,88,88.0
260,4241,1478,Harry Maguire,ENG,DF,Leicester City,Premier League,25,1993,31,31,"2,596",28.8,3,0,3,0,0,6,1,0.1,0.0,0.1,0.1,0.1,2.1,2.1,0.5,2.7,0.07,0.02,0.09,0.07,0.09,2018,Leicester City,Manchester United,88,88.0
261,4255,1492,Malcom,BRA,FW,Barcelona,La Liga,21,1997,15,6,614,6.8,1,2,1,0,0,0,0,0.15,0.29,0.44,0.15,0.44,1.5,1.5,1.6,3.2,0.23,0.24,0.47,0.23,0.47,2018,FC Barcelona,Zenit,40,40.0
262,4256,1492,Malcom,BRA,FW,Barcelona,La Liga,21,1997,15,6,614,6.8,1,2,1,0,0,0,0,0.15,0.29,0.44,0.15,0.44,1.5,1.5,1.6,3.2,0.23,0.24,0.47,0.23,0.47,2018,FC Barcelona,Zenit,40,40.0
263,4308,1544,Gelson Martins,POR,FW,Monaco,Ligue 1,23,1995,16,16,"1,389",15.4,4,2,4,0,0,1,0,0.26,0.13,0.39,0.26,0.39,3.4,3.4,1.8,5.2,0.22,0.12,0.33,0.22,0.33,2018,Atletico Madrid,Monaco,30,30.0
264,4309,1544,Gelson Martins,POR,FW,Monaco,Ligue 1,23,1995,16,16,"1,389",15.4,4,2,4,0,0,1,0,0.26,0.13,0.39,0.26,0.39,3.4,3.4,1.8,5.2,0.22,0.12,0.33,0.22,0.33,2018,Atletico Madrid,Monaco,30,30.0
265,4310,1545,Gelson Martins,POR,FW,Atlético Madrid,La Liga,23,1995,8,1,229,2.5,0,0,0,0,0,0,0,0.0,0.0,0.0,0.0,0.0,0.7,0.7,0.0,0.7,0.26,0.02,0.28,0.26,0.28,2018,Atletico Madrid,Monaco,30,30.0
266,4311,1545,Gelson Martins,POR,FW,Atlético Madrid,La Liga,23,1995,8,1,229,2.5,0,0,0,0,0,0,0,0.0,0.0,0.0,0.0,0.0,0.7,0.7,0.0,0.7,0.26,0.02,0.28,0.26,0.28,2018,Atletico Madrid,Monaco,30,30.0
267,4351,1585,James McCarthy,IRL,MF,Everton,Premier League,27,1990,1,0,15,0.2,0,0,0,0,0,0,0,0.0,0.0,0.0,0.0,0.0,0.0,0.0,0.0,0.0,0.0,0.0,0.0,0.0,0.0,2018,Everton,Crystal Palace,3.2,3.2
268,4352,1585,James McCarthy,IRL,MF,Everton,Premier League,27,1990,1,0,15,0.2,0,0,0,0,0,0,0,0.0,0.0,0.0,0.0,0.0,0.0,0.0,0.0,0.0,0.0,0.0,0.0,0.0,0.0,2018,Everton,Crystal Palace,3.2,3.2
269,4367,1600,Gonzalo Melero,ESP,MF,Huesca,La Liga,24,1994,22,14,"1,345",14.9,2,1,1,1,2,3,0,0.13,0.07,0.2,0.07,0.13,4.0,2.5,1.1,3.6,0.27,0.07,0.34,0.17,0.24,2018,Huesca,Levante,3.24,3.24
270,4368,1600,Gonzalo Melero,ESP,MF,Huesca,La Liga,24,1994,22,14,"1,345",14.9,2,1,1,1,2,3,0,0.13,0.07,0.2,0.07,0.13,4.0,2.5,1.1,3.6,0.27,0.07,0.34,0.17,0.24,2018,Huesca,Levante,3.24,3.24
271,4371,1603,Thiago Mendes,BRA,MF,Lille,Ligue 1,26,1992,35,35,"3,074",34.2,0,5,0,0,0,10,0,0.0,0.15,0.15,0.0,0.15,1.3,1.3,4.2,5.6,0.04,0.12,0.16,0.04,0.16,2018,Lille,Lyon,20,20.0
272,4372,1603,Thiago Mendes,BRA,MF,Lille,Ligue 1,26,1992,35,35,"3,074",34.2,0,5,0,0,0,10,0,0.0,0.15,0.15,0.0,0.15,1.3,1.3,4.2,5.6,0.04,0.12,0.16,0.04,0.16,2018,Lille,Lyon,20,20.0
273,4378,1609,Edouard Mendy,SEN,GK,Reims,Ligue 1,26,1992,38,38,"3,420",38.0,0,0,0,0,0,3,0,0.0,0.0,0.0,0.0,0.0,0.0,0.0,0.0,0.0,0.0,0.0,0.0,0.0,0.0,2018,Reims,Rennes,4,4.0
274,4379,1609,Edouard Mendy,SEN,GK,Reims,Ligue 1,26,1992,38,38,"3,420",38.0,0,0,0,0,0,3,0,0.0,0.0,0.0,0.0,0.0,0.0,0.0,0.0,0.0,0.0,0.0,0.0,0.0,0.0,2018,Reims,Rennes,4,4.0
275,4380,1610,Ferland Mendy,FRA,DF,Lyon,Ligue 1,23,1995,30,27,"2,531",28.1,2,1,2,0,0,2,0,0.07,0.04,0.11,0.07,0.11,1.1,1.1,3.4,4.5,0.04,0.12,0.16,0.04,0.16,2018,Olympique Lyon,Real Madrid,43.2,43.2
276,4381,1610,Ferland Mendy,FRA,DF,Lyon,Ligue 1,23,1995,30,27,"2,531",28.1,2,1,2,0,0,2,0,0.07,0.04,0.11,0.07,0.11,1.1,1.1,3.4,4.5,0.04,0.12,0.16,0.04,0.16,2018,Olympique Lyon,Real Madrid,43.2,43.2
277,4414,1643,Tyrone Mings,ENG,DF,Bournemouth,Premier League,25,1993,5,2,143,1.6,0,0,0,0,0,0,0,0.0,0.0,0.0,0.0,0.0,0.0,0.0,0.1,0.1,0.0,0.07,0.07,0.0,0.07,2018,Bournemouth,Aston Villa,22.3,22.3
278,4415,1643,Tyrone Mings,ENG,DF,Bournemouth,Premier League,25,1993,5,2,143,1.6,0,0,0,0,0,0,0,0.0,0.0,0.0,0.0,0.0,0.0,0.0,0.1,0.1,0.0,0.07,0.07,0.0,0.07,2018,Bournemouth,Aston Villa,22.3,22.3
279,4440,1668,Nacho Monreal,ESP,DF,Arsenal,Premier League,32,1986,22,21,"1,861",20.7,1,3,1,0,0,5,0,0.05,0.15,0.19,0.05,0.19,1.0,1.0,1.4,2.4,0.05,0.07,0.11,0.05,0.11,2018,Arsenal,Real Sociedad,"250,000",0.25
280,4441,1668,Nacho Monreal,ESP,DF,Arsenal,Premier League,32,1986,22,21,"1,861",20.7,1,3,1,0,0,5,0,0.05,0.15,0.19,0.05,0.19,1.0,1.0,1.4,2.4,0.05,0.07,0.11,0.05,0.11,2018,Arsenal,Real Sociedad,"250,000",0.25
281,4471,1698,Lys Mousset,FRA,FW,Bournemouth,Premier League,22,1996,24,1,368,4.1,1,0,1,0,0,1,0,0.24,0.0,0.24,0.24,0.24,1.4,1.4,0.4,1.8,0.34,0.11,0.45,0.34,0.45,2018,Bournemouth,Sheffield United,11.1,11.1
282,4472,1698,Lys Mousset,FRA,FW,Bournemouth,Premier League,22,1996,24,1,368,4.1,1,0,1,0,0,1,0,0.24,0.0,0.24,0.24,0.24,1.4,1.4,0.4,1.8,0.34,0.11,0.45,0.34,0.45,2018,Bournemouth,Sheffield United,11.1,11.1
283,4530,1756,Keylor Navas,CRC,GK,Real Madrid,La Liga,31,1986,10,10,900,10.0,0,0,0,0,0,1,0,0.0,0.0,0.0,0.0,0.0,0.0,0.0,0.0,0.0,0.0,0.0,0.0,0.0,0.0,2018,Real Madrid,PSG,12.5,12.5
284,4531,1756,Keylor Navas,CRC,GK,Real Madrid,La Liga,31,1986,10,10,900,10.0,0,0,0,0,0,1,0,0.0,0.0,0.0,0.0,0.0,0.0,0.0,0.0,0.0,0.0,0.0,0.0,0.0,0.0,2018,Real Madrid,PSG,12.5,12.5
285,4536,1761,Tanguy Ndombele,FRA,MF,Lyon,Ligue 1,21,1996,34,31,"2,690",29.9,1,7,1,0,0,3,0,0.03,0.23,0.27,0.03,0.27,1.9,1.9,4.4,6.3,0.06,0.15,0.21,0.06,0.21,2018,Lyon,Tottenham,55,55.0
286,4537,1761,Tanguy Ndombele,FRA,MF,Lyon,Ligue 1,21,1996,34,31,"2,690",29.9,1,7,1,0,0,3,0,0.03,0.23,0.27,0.03,0.27,1.9,1.9,4.4,6.3,0.06,0.15,0.21,0.06,0.21,2018,Lyon,Tottenham,55,55.0
287,4540,1764,Neto,BRA,GK,Valencia,La Liga,29,1989,34,34,"3,060",34.0,0,0,0,0,0,2,0,0.0,0.0,0.0,0.0,0.0,0.0,0.0,0.0,0.0,0.0,0.0,0.0,0.0,0.0,2018,Valencia,FC Barcelona,23.4,23.4
288,4541,1764,Neto,BRA,GK,Valencia,La Liga,29,1989,34,34,"3,060",34.0,0,0,0,0,0,2,0,0.0,0.0,0.0,0.0,0.0,0.0,0.0,0.0,0.0,0.0,0.0,0.0,0.0,0.0,2018,Valencia,FC Barcelona,23.4,23.4
289,4559,1782,Christopher Nkunku,FRA,MF,Paris S-G,Ligue 1,20,1997,22,13,"1,156",12.8,3,2,3,0,0,0,0,0.23,0.16,0.39,0.23,0.39,2.3,2.3,3.3,5.6,0.18,0.26,0.43,0.18,0.43,2018,PSG,RB Leipzig,15,15.0
290,4560,1782,Christopher Nkunku,FRA,MF,Paris S-G,Ligue 1,20,1997,22,13,"1,156",12.8,3,2,3,0,0,0,0,0.23,0.16,0.39,0.23,0.39,2.3,2.3,3.3,5.6,0.18,0.26,0.43,0.18,0.43,2018,PSG,RB Leipzig,15,15.0
291,4582,1804,Lucas Ocampos,ARG,FW,Marseille,Ligue 1,24,1994,34,31,"2,708",30.1,4,8,4,0,0,11,0,0.13,0.27,0.4,0.13,0.4,7.2,7.2,3.8,11.1,0.24,0.13,0.37,0.24,0.37,2018,Marseille,Sevilla,13.5,13.5
292,4583,1804,Lucas Ocampos,ARG,FW,Marseille,Ligue 1,24,1994,34,31,"2,708",30.1,4,8,4,0,0,11,0,0.13,0.27,0.4,0.13,0.4,7.2,7.2,3.8,11.1,0.24,0.13,0.37,0.24,0.37,2018,Marseille,Sevilla,13.5,13.5
293,4604,1825,Kenneth Omeruo,NGA,DF,Leganés,La Liga,24,1993,28,27,"2,433",27.0,0,0,0,0,0,7,0,0.0,0.0,0.0,0.0,0.0,0.2,0.2,0.1,0.2,0.01,0.0,0.01,0.01,0.01,2018,Chelsea,Leganes,6.3,6.3
294,4605,1825,Kenneth Omeruo,NGA,DF,Leganés,La Liga,24,1993,28,27,"2,433",27.0,0,0,0,0,0,7,0,0.0,0.0,0.0,0.0,0.0,0.2,0.2,0.1,0.2,0.01,0.0,0.01,0.01,0.01,2018,Chelsea,Leganes,6.3,6.3
295,4639,1859,Sergi Palencia,ESP,DF,Bordeaux,Ligue 1,22,1996,25,22,"1,986",22.1,0,3,0,0,0,6,0,0.0,0.14,0.14,0.0,0.14,0.2,0.2,1.6,1.8,0.01,0.07,0.08,0.01,0.08,2018,Barcelona,Saint-Etienne,2,2.0
296,4640,1859,Sergi Palencia,ESP,DF,Bordeaux,Ligue 1,22,1996,25,22,"1,986",22.1,0,3,0,0,0,6,0,0.0,0.14,0.14,0.0,0.14,0.2,0.2,1.6,1.8,0.01,0.07,0.08,0.01,0.08,2018,Barcelona,Saint-Etienne,2,2.0
297,4664,1883,Benjamin Pavard,FRA,DF,Stuttgart,Bundesliga,22,1996,29,29,"2,610",29.0,0,0,0,0,0,3,0,0.0,0.0,0.0,0.0,0.0,0.8,0.8,0.9,1.7,0.03,0.03,0.06,0.03,0.06,2018,Stuttgart,Bayern Munich,31.5,31.5
298,4665,1883,Benjamin Pavard,FRA,DF,Stuttgart,Bundesliga,22,1996,29,29,"2,610",29.0,0,0,0,0,0,3,0,0.0,0.0,0.0,0.0,0.0,0.8,0.8,0.9,1.7,0.03,0.03,0.06,0.03,0.06,2018,Stuttgart,Bayern Munich,31.5,31.5
299,4718,1936,Maximilian Philipp,GER,FW,Dortmund,Bundesliga,24,1994,18,9,758,8.4,1,1,1,0,0,0,0,0.12,0.12,0.24,0.12,0.24,1.1,1.1,0.2,1.3,0.13,0.03,0.16,0.13,0.16,2018,Bor. Dortmund,Dinamo Moscow,20,20.0
300,4719,1936,Maximilian Philipp,GER,FW,Dortmund,Bundesliga,24,1994,18,9,758,8.4,1,1,1,0,0,0,0,0.12,0.12,0.24,0.12,0.24,1.1,1.1,0.2,1.3,0.13,0.03,0.16,0.13,0.16,2018,Bor. Dortmund,Dinamo Moscow,20,20.0
301,4729,1946,Ronaël Pierre-Gabriel,FRA,DF,Monaco,Ligue 1,20,1998,4,4,355,3.9,0,0,0,0,0,1,0,0.0,0.0,0.0,0.0,0.0,0.0,0.0,0.0,0.0,0.0,0.01,0.01,0.0,0.01,2018,AS Monaco,Mainz,5.4,5.4
302,4730,1946,Ronaël Pierre-Gabriel,FRA,DF,Monaco,Ligue 1,20,1998,4,4,355,3.9,0,0,0,0,0,1,0,0.0,0.0,0.0,0.0,0.0,0.0,0.0,0.0,0.0,0.0,0.01,0.01,0.0,0.01,2018,AS Monaco,Mainz,5.4,5.4
303,4759,1975,Pedro Porro,ESP,DF,Girona,La Liga,18,1999,32,25,"2,211",24.6,0,4,0,0,0,4,0,0.0,0.16,0.16,0.0,0.16,0.9,0.9,2.3,3.2,0.04,0.09,0.13,0.04,0.13,2018,Girona,Man City,12,12.0
304,4760,1975,Pedro Porro,ESP,DF,Girona,La Liga,18,1999,32,25,"2,211",24.6,0,4,0,0,0,4,0,0.0,0.16,0.16,0.0,0.16,0.9,0.9,2.3,3.2,0.04,0.09,0.13,0.04,0.13,2018,Girona,Manchester City,11,11.0
305,4761,1975,Pedro Porro,ESP,DF,Girona,La Liga,18,1999,32,25,"2,211",24.6,0,4,0,0,0,4,0,0.0,0.16,0.16,0.0,0.16,0.9,0.9,2.3,3.2,0.04,0.09,0.13,0.04,0.13,2018,Girona,Man City,12,12.0
306,4762,1975,Pedro Porro,ESP,DF,Girona,La Liga,18,1999,32,25,"2,211",24.6,0,4,0,0,0,4,0,0.0,0.16,0.16,0.0,0.16,0.9,0.9,2.3,3.2,0.04,0.09,0.13,0.04,0.13,2018,Girona,Manchester City,11,11.0
307,4765,1978,Portu,ESP,FW,Girona,La Liga,26,1992,34,33,"2,821",31.3,9,2,8,1,1,3,0,0.29,0.06,0.35,0.26,0.32,8.4,7.6,3.3,10.9,0.27,0.11,0.37,0.24,0.35,2018,Girona,Real Sociedad,9,9.0
308,4766,1978,Portu,ESP,FW,Girona,La Liga,26,1992,34,33,"2,821",31.3,9,2,8,1,1,3,0,0.29,0.06,0.35,0.26,0.32,8.4,7.6,3.3,10.9,0.27,0.11,0.37,0.24,0.35,2018,Girona,Real Sociedad,9,9.0
309,4773,1985,Dennis Praet,BEL,MF,Sampdoria,Serie A,24,1994,34,33,"2,890",32.1,2,3,2,0,0,6,0,0.06,0.09,0.16,0.06,0.16,1.8,1.8,2.8,4.6,0.05,0.09,0.14,0.05,0.14,2018,Sampdoria,Leicester,21,21.0
310,4774,1985,Dennis Praet,BEL,MF,Sampdoria,Serie A,24,1994,34,33,"2,890",32.1,2,3,2,0,0,6,0,0.06,0.09,0.16,0.06,0.16,1.8,1.8,2.8,4.6,0.05,0.09,0.14,0.05,0.14,2018,Sampdoria,Leicester,20,20.0
311,4775,1985,Dennis Praet,BEL,MF,Sampdoria,Serie A,24,1994,34,33,"2,890",32.1,2,3,2,0,0,6,0,0.06,0.09,0.16,0.06,0.16,1.8,1.8,2.8,4.6,0.05,0.09,0.14,0.05,0.14,2018,Sampdoria,Leicester,21,21.0
312,4776,1985,Dennis Praet,BEL,MF,Sampdoria,Serie A,24,1994,34,33,"2,890",32.1,2,3,2,0,0,6,0,0.06,0.09,0.16,0.06,0.16,1.8,1.8,2.8,4.6,0.05,0.09,0.14,0.05,0.14,2018,Sampdoria,Leicester,20,20.0
313,4783,1992,Quincy Promes,NED,DF,Sevilla,La Liga,26,1992,33,15,"1,583",17.6,2,3,2,0,1,2,0,0.11,0.17,0.28,0.11,0.28,3.2,2.3,3.4,5.7,0.18,0.2,0.38,0.13,0.33,2018,Sevilla,Ajax,14.2,14.2
314,4784,1992,Quincy Promes,NED,DF,Sevilla,La Liga,26,1992,33,15,"1,583",17.6,2,3,2,0,1,2,0,0.11,0.17,0.28,0.11,0.28,3.2,2.3,3.4,5.7,0.18,0.2,0.38,0.13,0.33,2018,Sevilla,Ajax,14.2,14.2
315,4882,2090,Sebastian Rode,GER,MF,Eint Frankfurt,Bundesliga,27,1990,12,12,923,10.3,0,0,0,0,0,4,0,0.0,0.0,0.0,0.0,0.0,0.3,0.3,0.9,1.2,0.03,0.09,0.12,0.03,0.12,2018,Bor. Dortmund,Eintracht Frankfurt,3.8,3.8
316,4883,2090,Sebastian Rode,GER,MF,Eint Frankfurt,Bundesliga,27,1990,12,12,923,10.3,0,0,0,0,0,4,0,0.0,0.0,0.0,0.0,0.0,0.3,0.3,0.9,1.2,0.03,0.09,0.12,0.03,0.12,2018,Bor. Dortmund,Eintracht Frankfurt,3.8,3.8
317,4909,2116,Facundo Roncaglia,ARG,DF,Celta Vigo,La Liga,31,1987,12,12,"1,070",11.9,0,0,0,0,0,3,0,0.0,0.0,0.0,0.0,0.0,0.0,0.0,0.1,0.1,0.0,0.01,0.01,0.0,0.01,2018,Celta de Vigo,Osasuna,"225,000",0.225
318,4910,2116,Facundo Roncaglia,ARG,DF,Celta Vigo,La Liga,31,1987,12,12,"1,070",11.9,0,0,0,0,0,3,0,0.0,0.0,0.0,0.0,0.0,0.0,0.0,0.1,0.1,0.0,0.01,0.01,0.0,0.01,2018,Celta de Vigo,Osasuna,"225,000",0.225
319,4911,2117,Facundo Roncaglia,ARG,DF,Valencia,La Liga,31,1987,7,7,601,6.7,0,0,0,0,0,5,1,0.0,0.0,0.0,0.0,0.0,0.3,0.3,0.0,0.3,0.04,0.0,0.04,0.04,0.04,2018,Celta de Vigo,Osasuna,"225,000",0.225
320,4912,2117,Facundo Roncaglia,ARG,DF,Valencia,La Liga,31,1987,7,7,601,6.7,0,0,0,0,0,5,1,0.0,0.0,0.0,0.0,0.0,0.3,0.3,0.0,0.3,0.04,0.0,0.04,0.04,0.04,2018,Celta de Vigo,Osasuna,"225,000",0.225
321,4947,2152,Allan Saint-Maximin,FRA,FW,Nice,Ligue 1,21,1997,34,34,"2,900",32.2,5,3,4,1,2,2,0,0.16,0.09,0.25,0.12,0.22,6.7,5.1,6.3,11.4,0.21,0.2,0.4,0.16,0.35,2018,Nice,Newcastle United,16.2,16.2
322,4948,2152,Allan Saint-Maximin,FRA,FW,Nice,Ligue 1,21,1997,34,34,"2,900",32.2,5,3,4,1,2,2,0,0.16,0.09,0.25,0.12,0.22,6.7,5.1,6.3,11.4,0.21,0.2,0.4,0.16,0.35,2018,Nice,Newcastle United,16.2,16.2
323,4962,2166,William Saliba,FRA,DF,Saint-Étienne,Ligue 1,17,2001,16,13,"1,277",14.2,0,0,0,0,0,1,0,0.0,0.0,0.0,0.0,0.0,0.4,0.4,0.2,0.7,0.03,0.02,0.05,0.03,0.05,2018,Saint-Etienne,Arsenal,30,30.0
324,4963,2166,William Saliba,FRA,DF,Saint-Étienne,Ligue 1,17,2001,16,13,"1,277",14.2,0,0,0,0,0,1,0,0.0,0.0,0.0,0.0,0.0,0.4,0.4,0.2,0.7,0.03,0.02,0.05,0.03,0.05,2018,Saint-Etienne,Arsenal,30,30.0
325,4964,2167,Yannis Salibur,FRA,FW,Saint-Étienne,Ligue 1,27,1991,21,9,885,9.8,1,3,1,0,0,2,1,0.1,0.31,0.41,0.1,0.41,1.9,1.9,1.8,3.7,0.19,0.19,0.38,0.19,0.38,2018,Guingamp,Mallorca,2,2.0
326,4965,2167,Yannis Salibur,FRA,FW,Saint-Étienne,Ligue 1,27,1991,21,9,885,9.8,1,3,1,0,0,2,1,0.1,0.31,0.41,0.1,0.41,1.9,1.9,1.8,3.7,0.19,0.19,0.38,0.19,0.38,2018,Guingamp,Mallorca,2,2.0
327,4966,2167,Yannis Salibur,FRA,FW,Saint-Étienne,Ligue 1,27,1991,21,9,885,9.8,1,3,1,0,0,2,1,0.1,0.31,0.41,0.1,0.41,1.9,1.9,1.8,3.7,0.19,0.19,0.38,0.19,0.38,2018,Guingamp,Mallorca,2,2.0
328,4967,2167,Yannis Salibur,FRA,FW,Saint-Étienne,Ligue 1,27,1991,21,9,885,9.8,1,3,1,0,0,2,1,0.1,0.31,0.41,0.1,0.41,1.9,1.9,1.8,3.7,0.19,0.19,0.38,0.19,0.38,2018,Guingamp,Mallorca,2,2.0
329,4968,2168,Yannis Salibur,FRA,FW,Guingamp,Ligue 1,27,1991,1,0,16,0.2,0,0,0,0,0,0,0,0.0,0.0,0.0,0.0,0.0,0.0,0.0,0.0,0.0,0.0,0.23,0.23,0.0,0.23,2018,Guingamp,Mallorca,2,2.0
330,4969,2168,Yannis Salibur,FRA,FW,Guingamp,Ligue 1,27,1991,1,0,16,0.2,0,0,0,0,0,0,0,0.0,0.0,0.0,0.0,0.0,0.0,0.0,0.0,0.0,0.0,0.23,0.23,0.0,0.23,2018,Guingamp,Mallorca,2,2.0
331,4970,2168,Yannis Salibur,FRA,FW,Guingamp,Ligue 1,27,1991,1,0,16,0.2,0,0,0,0,0,0,0,0.0,0.0,0.0,0.0,0.0,0.0,0.0,0.0,0.0,0.0,0.23,0.23,0.0,0.23,2018,Guingamp,Mallorca,2,2.0
332,4971,2168,Yannis Salibur,FRA,FW,Guingamp,Ligue 1,27,1991,1,0,16,0.2,0,0,0,0,0,0,0,0.0,0.0,0.0,0.0,0.0,0.0,0.0,0.0,0.0,0.0,0.23,0.23,0.0,0.23,2018,Guingamp,Mallorca,2,2.0
333,4974,2171,Brice Samba,CGO,GK,Caen,Ligue 1,24,1994,38,38,"3,420",38.0,0,0,0,0,0,1,0,0.0,0.0,0.0,0.0,0.0,0.0,0.0,0.0,0.0,0.0,0.0,0.0,0.0,0.0,2018,Caen,Nottingham Forest,2.1,2.1
334,4975,2171,Brice Samba,CGO,GK,Caen,Ligue 1,24,1994,38,38,"3,420",38.0,0,0,0,0,0,1,0,0.0,0.0,0.0,0.0,0.0,0.0,0.0,0.0,0.0,0.0,0.0,0.0,0.0,0.0,2018,Caen,Nottingham Forest,2.1,2.1
335,4982,2178,Renato Sanches,POR,MF,Bayern Munich,Bundesliga,20,1997,17,4,577,6.4,1,1,1,0,0,2,1,0.16,0.16,0.31,0.16,0.31,1.4,1.4,0.4,1.8,0.22,0.06,0.28,0.22,0.28,2018,Bayern Munich,Lille,20,20.0
336,4983,2178,Renato Sanches,POR,MF,Bayern Munich,Bundesliga,20,1997,17,4,577,6.4,1,1,1,0,0,2,1,0.16,0.16,0.31,0.16,0.31,1.4,1.4,0.4,1.8,0.22,0.06,0.28,0.22,0.28,2018,Bayern Munich,Lille,20,20.0
337,5007,2202,Michael Santos,URU,FW,Leganés,La Liga,25,1993,16,5,557,6.2,1,3,1,0,0,4,0,0.16,0.48,0.65,0.16,0.65,1.6,1.6,0.9,2.5,0.25,0.15,0.4,0.25,0.4,2018,Malaga,Copenhagen,2.2,2.2
338,5008,2202,Michael Santos,URU,FW,Leganés,La Liga,25,1993,16,5,557,6.2,1,3,1,0,0,4,0,0.16,0.48,0.65,0.16,0.65,1.6,1.6,0.9,2.5,0.25,0.15,0.4,0.25,0.4,2018,Malaga,Copenhagen,2.2,2.2
339,5011,2205,Pablo Sarabia,ESP,MF,Sevilla,La Liga,26,1992,33,30,"2,724",30.3,13,13,12,1,1,9,0,0.43,0.43,0.86,0.4,0.83,10.8,10.0,9.2,19.2,0.36,0.3,0.66,0.33,0.63,2018,Sevilla,PSG,16.2,16.2
340,5012,2205,Pablo Sarabia,ESP,MF,Sevilla,La Liga,26,1992,33,30,"2,724",30.3,13,13,12,1,1,9,0,0.43,0.43,0.86,0.4,0.83,10.8,10.0,9.2,19.2,0.36,0.3,0.66,0.33,0.63,2018,Sevilla,PSG,16.2,16.2
341,5016,2209,Ismaila Sarr,SEN,FW,Rennes,Ligue 1,20,1998,35,32,"2,788",31.0,8,6,7,1,1,6,0,0.26,0.19,0.45,0.23,0.42,6.6,5.8,6.8,12.6,0.21,0.22,0.43,0.19,0.41,2018,Rennes,Watford,30,30.0
342,5017,2209,Ismaila Sarr,SEN,FW,Rennes,Ligue 1,20,1998,35,32,"2,788",31.0,8,6,7,1,1,6,0,0.26,0.19,0.45,0.23,0.42,6.6,5.8,6.8,12.6,0.21,0.22,0.43,0.19,0.41,2018,Rennes,Watford,30,30.0
343,5039,2231,Nico Schulz,GER,DF,Hoffenheim,Bundesliga,25,1993,30,29,"2,537",28.2,1,5,1,0,0,6,0,0.04,0.18,0.21,0.04,0.21,2.1,2.1,8.1,10.2,0.07,0.29,0.36,0.07,0.36,2018,Hoffenheim,Bor. Dortmund,24.3,24.3
344,5040,2231,Nico Schulz,GER,DF,Hoffenheim,Bundesliga,25,1993,30,29,"2,537",28.2,1,5,1,0,0,6,0,0.04,0.18,0.21,0.04,0.21,2.1,2.1,8.1,10.2,0.07,0.29,0.36,0.07,0.36,2018,Hoffenheim,Bor. Dortmund,24.3,24.3
345,5063,2254,Ryan Sessegnon,ENG,FW,Fulham,Premier League,18,2000,35,26,"2,300",25.6,2,6,2,0,0,0,0,0.08,0.23,0.31,0.08,0.31,3.3,3.3,4.7,8.1,0.13,0.18,0.32,0.13,0.32,2018,Fulham,Tottenham,27,27.0
346,5064,2254,Ryan Sessegnon,ENG,FW,Fulham,Premier League,18,2000,35,26,"2,300",25.6,2,6,2,0,0,0,0,0.08,0.23,0.31,0.08,0.31,3.3,3.3,4.7,8.1,0.13,0.18,0.32,0.13,0.32,2018,Fulham,Tottenham,25,25.0
347,5065,2254,Ryan Sessegnon,ENG,FW,Fulham,Premier League,18,2000,35,26,"2,300",25.6,2,6,2,0,0,0,0,0.08,0.23,0.31,0.08,0.31,3.3,3.3,4.7,8.1,0.13,0.18,0.32,0.13,0.32,2018,Fulham,Tottenham,27,27.0
348,5066,2254,Ryan Sessegnon,ENG,FW,Fulham,Premier League,18,2000,35,26,"2,300",25.6,2,6,2,0,0,0,0,0.08,0.23,0.31,0.08,0.31,3.3,3.3,4.7,8.1,0.13,0.18,0.32,0.13,0.32,2018,Fulham,Tottenham,25,25.0
349,5087,2275,Jonathan Silva,ARG,DF,Leganés,La Liga,24,1994,30,30,"2,700",30.0,3,6,3,0,0,9,0,0.1,0.2,0.3,0.1,0.3,1.6,1.6,3.4,5.1,0.05,0.11,0.17,0.05,0.17,2018,Sporting Lisbon,Leganes,2.7,2.7
350,5088,2275,Jonathan Silva,ARG,DF,Leganés,La Liga,24,1994,30,30,"2,700",30.0,3,6,3,0,0,9,0,0.1,0.2,0.3,0.1,0.3,1.6,1.6,3.4,5.1,0.05,0.11,0.17,0.05,0.17,2018,Sporting Lisbon,Leganes,2.7,2.7
351,5208,2395,Flavien Tait,FRA,MF,Angers,Ligue 1,25,1993,36,34,"2,985",33.2,5,7,5,0,1,2,0,0.15,0.21,0.36,0.15,0.36,6.7,5.8,7.1,12.9,0.2,0.21,0.42,0.18,0.39,2018,Angers,Stade Rennais,9,9.0
352,5209,2395,Flavien Tait,FRA,MF,Angers,Ligue 1,25,1993,36,34,"2,985",33.2,5,7,5,0,1,2,0,0.15,0.21,0.36,0.15,0.36,6.7,5.8,7.1,12.9,0.2,0.21,0.42,0.18,0.39,2018,Angers,Stade Rennais,9,9.0
353,5212,2398,Matt Targett,ENG,DF,Southampton,Premier League,22,1995,16,13,"1,186",13.2,1,3,1,0,0,2,0,0.08,0.23,0.3,0.08,0.3,0.7,0.7,2.6,3.3,0.05,0.2,0.25,0.05,0.25,2018,Southampton,Aston Villa,14,14.0
354,5213,2398,Matt Targett,ENG,DF,Southampton,Premier League,22,1995,16,13,"1,186",13.2,1,3,1,0,0,2,0,0.08,0.23,0.3,0.08,0.3,0.7,0.7,2.6,3.3,0.05,0.2,0.25,0.05,0.25,2018,Southampton,Aston Villa,14,14.0
355,5237,2422,Sada Thioub,SEN,FW,Nîmes,Ligue 1,23,1995,38,27,"2,476",27.5,3,5,3,0,0,3,0,0.11,0.18,0.29,0.11,0.29,3.4,3.4,3.5,6.9,0.13,0.13,0.25,0.13,0.25,2018,Nimes,Angers,3.5,3.5
356,5238,2422,Sada Thioub,SEN,FW,Nîmes,Ligue 1,23,1995,38,27,"2,476",27.5,3,5,3,0,0,3,0,0.11,0.18,0.29,0.11,0.29,3.4,3.4,3.5,6.9,0.13,0.13,0.25,0.13,0.25,2018,Nimes,Angers,3.5,3.5
357,5242,2426,Marcus Thuram,FRA,FW,Guingamp,Ligue 1,20,1997,32,32,"2,571",28.6,9,1,5,4,5,4,2,0.32,0.04,0.35,0.18,0.21,10.0,6.2,3.3,9.5,0.35,0.12,0.47,0.22,0.33,2018,Guingamp,Monchengladbach,8.5,8.5
358,5243,2426,Marcus Thuram,FRA,FW,Guingamp,Ligue 1,20,1997,32,32,"2,571",28.6,9,1,5,4,5,4,2,0.32,0.04,0.35,0.18,0.21,10.0,6.2,3.3,9.5,0.35,0.12,0.47,0.22,0.33,2018,Guingamp,Monchengladbach,8.5,8.5
359,5244,2427,Youri Tielemans,BEL,MF,Leicester City,Premier League,21,1997,13,13,"1,086",12.1,3,4,3,0,0,2,0,0.25,0.33,0.58,0.25,0.58,1.8,1.8,2.4,4.1,0.15,0.2,0.34,0.15,0.34,2018,Monaco,Leicester,44,44.0
360,5245,2427,Youri Tielemans,BEL,MF,Leicester City,Premier League,21,1997,13,13,"1,086",12.1,3,4,3,0,0,2,0,0.25,0.33,0.58,0.25,0.58,1.8,1.8,2.4,4.1,0.15,0.2,0.34,0.15,0.34,2018,Monaco,Leicester,44,44.0
361,5246,2428,Youri Tielemans,BEL,MF,Monaco,Ligue 1,21,1997,20,20,"1,680",18.7,5,1,4,1,1,5,0,0.27,0.05,0.32,0.21,0.27,3.1,2.3,1.6,3.9,0.17,0.09,0.25,0.12,0.21,2018,Monaco,Leicester,44,44.0
362,5247,2428,Youri Tielemans,BEL,MF,Monaco,Ligue 1,21,1997,20,20,"1,680",18.7,5,1,4,1,1,5,0,0.27,0.05,0.32,0.21,0.27,3.1,2.3,1.6,3.9,0.17,0.09,0.25,0.12,0.21,2018,Monaco,Leicester,44,44.0
363,5285,2466,Kevin Trapp,GER,GK,Eint Frankfurt,Bundesliga,28,1990,33,33,"2,937",32.6,0,0,0,0,0,2,0,0.0,0.0,0.0,0.0,0.0,0.0,0.0,0.0,0.0,0.0,0.0,0.0,0.0,0.0,2018,PSG,Eintracht Frankfurt,7,7.0
364,5286,2466,Kevin Trapp,GER,GK,Eint Frankfurt,Bundesliga,28,1990,33,33,"2,937",32.6,0,0,0,0,0,2,0,0.0,0.0,0.0,0.0,0.0,0.0,0.0,0.0,0.0,0.0,0.0,0.0,0.0,0.0,2018,PSG,Eintracht Frankfurt,7,7.0
365,5291,2471,Kieran Trippier,ENG,DF,Tottenham,Premier League,27,1990,27,26,"2,276",25.3,1,3,1,0,0,2,0,0.04,0.12,0.16,0.04,0.16,0.6,0.6,4.7,5.3,0.02,0.19,0.21,0.02,0.21,2018,Tottenham,Atletico Madrid,22,22.0
366,5292,2471,Kieran Trippier,ENG,DF,Tottenham,Premier League,27,1990,27,26,"2,276",25.3,1,3,1,0,0,2,0,0.04,0.12,0.16,0.04,0.16,0.6,0.6,4.7,5.3,0.02,0.19,0.21,0.02,0.21,2018,Tottenham,Atletico Madrid,22,22.0
367,5300,2479,Anthony Ujah,NGA,FW,Mainz 05,Bundesliga,27,1990,22,6,735,8.2,4,0,4,0,0,2,0,0.49,0.0,0.49,0.49,0.49,3.8,3.8,1.3,5.1,0.46,0.16,0.62,0.46,0.62,2018,Mainz,Union Berlin,1.80,1.8
368,5301,2479,Anthony Ujah,NGA,FW,Mainz 05,Bundesliga,27,1990,22,6,735,8.2,4,0,4,0,0,2,0,0.49,0.0,0.49,0.49,0.49,3.8,3.8,1.3,5.1,0.46,0.16,0.62,0.46,0.62,2018,Mainz,Union Berlin,1.80,1.8
369,5355,2533,Luciano Vietto,ARG,FW,Fulham,Premier League,24,1993,20,10,986,11.0,1,4,1,0,0,1,0,0.09,0.37,0.46,0.09,0.46,2.4,2.4,2.1,4.5,0.22,0.19,0.41,0.22,0.41,2018,Atletico Madrid,Sporting CP,6.75,6.75
370,5356,2533,Luciano Vietto,ARG,FW,Fulham,Premier League,24,1993,20,10,986,11.0,1,4,1,0,0,1,0,0.09,0.37,0.46,0.09,0.46,2.4,2.4,2.1,4.5,0.22,0.19,0.41,0.22,0.41,2018,Atletico Madrid,Sporting CP,6.75,6.75
371,5390,2567,Aaron Wan-Bissaka,ENG,DF,Crystal Palace,Premier League,20,1997,35,35,"3,134",34.8,0,3,0,0,0,4,1,0.0,0.09,0.09,0.0,0.09,0.4,0.4,1.6,2.0,0.01,0.05,0.06,0.01,0.06,2018,Crystal Palace,Manchester United,53,53.0
372,5391,2567,Aaron Wan-Bissaka,ENG,DF,Crystal Palace,Premier League,20,1997,35,35,"3,134",34.8,0,3,0,0,0,4,1,0.0,0.09,0.09,0.0,0.09,0.4,0.4,1.6,2.0,0.01,0.05,0.06,0.01,0.06,2018,Crystal Palace,Manchester United,53,53.0
373,5398,2574,Timothy Weah,USA,FW,Paris S-G,Ligue 1,18,2000,2,1,54,0.6,1,0,1,0,0,1,0,1.67,0.0,1.67,1.67,1.67,0.8,0.8,0.1,0.9,1.33,0.13,1.46,1.33,1.46,2018,PSG,Lille,9,9.0
374,5399,2574,Timothy Weah,USA,FW,Paris S-G,Ligue 1,18,2000,2,1,54,0.6,1,0,1,0,0,1,0,1.67,0.0,1.67,1.67,1.67,0.8,0.8,0.1,0.9,1.33,0.13,1.46,1.33,1.46,2018,PSG,Lille,9,9.0
375,5425,2600,Maximilian Wöber,AUT,DF,Sevilla,La Liga,20,1998,7,6,536,6.0,0,0,0,0,0,2,0,0.0,0.0,0.0,0.0,0.0,0.2,0.2,0.3,0.5,0.03,0.05,0.08,0.03,0.08,2018,Sevilla,RB Salzburg,12,12.0
376,5426,2600,Maximilian Wöber,AUT,DF,Sevilla,La Liga,20,1998,7,6,536,6.0,0,0,0,0,0,2,0,0.0,0.0,0.0,0.0,0.0,0.2,0.2,0.3,0.5,0.03,0.05,0.08,0.03,0.08,2018,Sevilla,RB Salzburg,12,12.0
